English Sentence,Korean Pronounce,Direct Comprehension
"Hi, Sarah.","하이, 새롸.",안녕 / 사라
"Hi, David.","하이, 데이빗.",안녕 / 데이빗
Good morning.,굿 모어닝.,좋은 / 아침
Good afternoon.,굿 애프터눈.,좋은 / 오후
"Hi, I'm David.","하이, 아임 데이빗.",안녕 / 나는 / 이야 / 데이빗
"Hi, I'm Sarah.","하이, 아임 새롸.",안녕 / 나는 / 이야 / 사라
"Bye, Sarah.","바이, 새롸.",잘가 / 사라
"Bye, David.","바이, 데이빗.",잘가 / 데이빗
"Hi, my name is David.","하이, 마이 네임 이즈 데이빗.",안녕 / 나의 / 이름은 / 이야 / 데이빗
What's your name?,왓츠 유어 네임?,무엇이니 / 너의 / 이름은
My name is Sarah.,마이 네임 이즈 새롸.,나의 / 이름은 / 이야 / 사라
Nice to meet you.,나이스 투 밋 유.,반가워 / 만나게 되어 / 너를
"Nice to meet you, too.","나이스 투 밋 유, 투.",반가워 / 만나게 되어 / 너를 / 나도 역시
"This is my teacher, Mr. Johnson.","디스 이즈 마이 티처, 미스터 죤슨.",이분은 / 나의 / 선생님이야 / 죤슨 선생님
This is my mom.,디스 이즈 마이 맘.,이분은 / 나의 / 어머니야
This is my friend.,디스 이즈 마이 프렌드.,이 사람은 / 나의 / 친구야
Nice to meet you.,나이스 투 밋 유.,반갑습니다 / 만나 뵙게 되어
"Nice to meet you, too.","나이스 투 밋 유, 투.",반갑습니다 / 만나 뵙게 되어 / 저도 역시
Where are you from?,웨어 아 유 프롬?,어디에서 / 왔니 / 너는
I'm from Korea.,아임 프롬 코리아.,나는 / 왔어 / 한국에서
I'm from Canada.,아임 프롬 캐나다.,나는 / 왔어 / 캐나다에서
I'm from Singapore.,아임 프롬 싱가포어.,나는 / 왔어 / 싱가포르에서
I'm from Australia.,아임 프롬 오스트레일리아.,나는 / 왔어 / 호주에서
Are you here on vacation?,아 유 히어 온 베이케이션?,왔니 / 너는 / 여기에 / 휴가로
"Yes, I am.","예스, 아이 엠.",응 / 그래
"No, I am here on business.","노우, 아이 엠 히어 온 비즈니스.",아니 / 나는 / 있어 / 여기에 / 사업상
Good bye!,굿 바이!,잘가!
See you later.,씨 유 레이터.,봐 / 너를 / 나중에
See you next time.,씨 유 넥스트 타임.,봐 / 너를 / 다음에
See you on Monday.,씨 유 온 먼데이.,봐 / 너를 / 월요일에
See you next week.,씨 유 넥스트 윅.,봐 / 너를 / 다음주에
"Happy birthday, David.","해피 버얼쓰데이, 데이빗.",행복한 / 생일 / 데이빗
"Happy birthday, mom.","해피 버얼쓰데이, 맘.",행복한 / 생일 / 엄마
"Happy birthday, dad.","해피 버얼쓰데이, 대드.",행복한 / 생일 / 아빠
Thank you.,땡큐.,고마워
You're welcome.,유어 웰컴.,천만에
"Mom, this is for you.","맘, 디스 이즈 포 유.",엄마 / 이것은 / 이에요 / 엄마를 위한 것
"Dad, this is for you.","대드, 디스 이즈 포 유.",아빠 / 이것은 / 이에요 / 아빠를 위한 것
"Oh, thank you.","오, 땡큐.",오 / 고마워
Excuse me.,익스큐즈 미.,실례합니다
Yes.,예스.,네
"Oh, I'm sorry.","오, 아임 쏘리.",오 / 나는 / 미안해
It's OK.,잇츠 오케이.,그것은 / 괜찮아
What is this?,왓 이즈 디스?,무엇이니 / 이것은
It's a chair.,잇츠 어 체어.,그것은 / 이야 / 의자
It's a pencil case.,잇츠 어 펜슬 케이스.,그것은 / 이야 / 필통
It's a door.,잇츠 어 도어.,그것은 / 이야 / 문
It's a window.,잇츠 어 윈도우.,그것은 / 이야 / 창문
It's a desk.,잇츠 어 데스크.,그것은 / 이야 / 책상
It's a bag.,잇츠 어 백.,그것은 / 이야 / 가방
What's that?,왓츠 댓?,무엇이니 / 저것은
It's a bag.,잇츠 어 백.,그것은 / 이야 / 가방
What are these?,왓 아 디즈?,무엇이니 / 이것들은
They're bags.,데이어 백스.,그것들은 / 이야 / 가방들
"Sit down, please.","싯 다운, 플리즈.",앉아 / 주세요
OK.,오케이.,알았어
"Stand up, please.","스탠드 업, 플리즈.",일어나 / 주세요
OK.,오케이.,알았어
Open your mouth.,오픈 유어 마우쓰.,벌려 / 너의 / 입을
OK.,오케이.,알았어
Close your mouth.,클로즈 유어 마우쓰.,다물어 / 너의 / 입을
OK.,오케이.,알았어
Open your eyes.,오픈 유어 아이즈.,떠 / 너의 / 눈을
Close your eyes.,클로즈 유어 아이즈.,감아 / 너의 / 눈을
Open your book.,오픈 유어 북.,펼쳐 / 너의 / 책을
Close your book.,클로즈 유어 북.,덮어 / 너의 / 책을
Touch your ears.,터치 유어 이어즈.,만져 / 너의 / 귀를
Touch your face.,터치 유어 페이스.,만져 / 너의 / 얼굴을
Touch your nose.,터치 유어 노우즈.,만져 / 너의 / 코를
Please be quiet.,플리즈 비 콰이엇.,제발 / 조용히 해
Listen carefully.,리슨 케어풀리.,들어 / 주의 깊게
OK.,오케이.,알았어
Point to the teacher.,포인트 투 더 티처.,가리켜 / 선생님을
OK.,오케이.,알았어
Point to the book.,포인트 투 더 북.,가리켜 / 책을
Point to the chair.,포인트 투 더 체어.,가리켜 / 의자를
Raise your hand.,레이즈 유어 핸드.,올려 / 너의 / 손을
"Yes, ma'am.","예스, 맴.",네 / 선생님
Put your hand down.,풋 유어 핸드 다운.,내려 / 너의 / 손을
"Yes, sir.","예스, 써.",네 / 선생님
Put your book down.,풋 유어 북 다운.,내려놔 / 너의 / 책을
Take out your book.,테이크 아웃 유어 북.,꺼내 / 너의 / 책을
"Yes, sir.","예스, 써.",네 / 선생님
Take out your pen.,테이크 아웃 유어 펜.,꺼내 / 너의 / 펜을
Pick up your pencil.,픽 업 유어 펜슬.,집어 / 너의 / 연필을
OK.,오케이.,알았어
Put your pencil down.,풋 유어 펜슬 다운.,내려놔 / 너의 / 연필을
OK.,오케이.,알았어
I'm hungry.,아임 헝그리.,나는 / 배고파
Look at your hands.,룩 앳 유어 핸즈.,봐 / 너의 / 손을
Look at your face.,룩 앳 유어 페이스.,봐 / 너의 / 얼굴을
Look at the monkey.,룩 앳 더 멍키.,봐 / 원숭이를
It's small.,잇츠 스몰.,그것은 / 작아
It's big.,잇츠 빅.,그것은 / 커
"Wash your hands, please.","워쉬 유어 핸즈, 플리즈.",씻어 / 너의 / 손을 / 제발
OK.,오케이.,알았어
What's your name?,왓츠 유어 네임?,무엇이니 / 너의 / 이름은
My name is Sarah.,마이 네임 이즈 새롸.,나의 / 이름은 / 이야 / 사라
May I have your name?,메이 아이 해브 유어 네임?,물어봐도 될까요 / 너의 / 이름을
My name is David.,마이 네임 이즈 데이빗.,나의 / 이름은 / 이야 / 데이빗
Let me introduce myself to you.,렛 미 인트로듀스 마이셀프 투 유.,해볼게 / 소개를 / 나 자신을 / 너에게
My name is David.,마이 네임 이즈 데이빗.,나의 / 이름은 / 이야 / 데이빗
"Nice to meet you, David.","나이스 투 밋 유, 데이빗.",반가워 / 만나게 되어 / 데이빗
"Nice to meet you, too.","나이스 투 밋 유, 투.",반가워 / 만나게 되어 / 나도 역시
Let me introduce my younger sister to you.,렛 미 인트로듀스 마이 영거 씨스터 투 유.,해볼게 / 소개를 / 나의 / 여동생을 / 너에게
This is Sarah.,디스 이즈 새롸.,이 애는 / 이야 / 사라
"Sarah, this is my friend, David.","새롸, 디스 이즈 마이 프렌드, 데이빗.",사라 / 이 사람은 / 나의 / 친구야 / 데이빗
"Nice to meet you, David.","나이스 투 밋 유, 데이빗.",반가워 / 만나게 되어 / 데이빗
"Nice to meet you, too, Sarah.","나이스 투 밋 유, 투, 새롸.",반가워 / 만나게 되어 / 나도 역시 / 사라
"Could you say your last name again, please?","쿠쥬 세이 유어 라스트 네임 어겐, 플리즈?",말해줄 수 있니 / 너의 / 성을 / 다시 / 한번
Johnson. J-o-h-n-s-o-n.,죤슨. 제이-오-에이치-엔-에스-오-엔.,죤슨 / J-o-h-n-s-o-n
This puppy is cute.,디스 퍼피 이즈 큐트.,이 / 강아지는 / 귀여워
"Oh, it is very cute.","오, 잇 이즈 베리 큐트.",오 / 그것은 / 정말 / 귀여워
This frog is big.,디스 프로그 이즈 빅.,이 / 개구리는 / 커
This horse is small.,디스 호어스 이즈 스몰.,이 / 말은 / 작아
Is this your cap?,이즈 디스 유어 캡?,이것이 / 너의 / 모자니
"Yes, it is.","예스, 잇 이즈.",응 / 그래
"No, it isn't.","노우, 잇 이즌트.",아니 / 그렇지 않아
Is this your bag?,이즈 디스 유어 백?,이것이 / 너의 / 가방이니
Is this your pencil case?,이즈 디스 유어 펜슬 케이스?,이것이 / 너의 / 필통이니
Is this yours?,이즈 디스 유어즈?,이것이 / 네 것이니
"Yes, that's mine.","예스, 댓츠 마인.",응 / 저것은 / 내 것이야
"No, that's not mine.","노우, 댓츠 낫 마인.",아니 / 저것은 / 아니야 / 내 것이
Whose book is this?,후즈 북 이즈 디스?,누구의 / 책이니 / 이것은
That's mine.,댓츠 마인.,저것은 / 내 것이야
That's not mine.,댓츠 낫 마인.,저것은 / 아니야 / 내 것이
Whose pencil is this?,후즈 펜슬 이즈 디스?,누구의 / 연필이니 / 이것은
Whose watch is this?,후즈 워치 이즈 디스?,누구의 / 시계니 / 이것은
It's Joseph's.,잇츠 죠셉스.,그것은 / 죠셉의 것이야
Whose scarf is this?,후즈 스카프 이즈 디스?,누구의 / 스카프니 / 이것은
It's mine.,잇츠 마인.,그것은 / 내 것이야
Whose gloves are these?,후즈 글러브스 아 디즈?,누구의 / 장갑이니 / 이것들은
They're mine.,데이어 마인.,그것들은 / 내 것이야
Wait your turn.,웨잇 유어 턴.,기다려 / 너의 / 차례를
Whose turn is it?,후즈 턴 이즈 잇?,누구 / 차례니
My turn.,마이 턴.,내 / 차례야
What color is it?,왓 컬러 이즈 잇?,무슨 / 색이니 / 그것은
It's green.,잇츠 그린.,그것은 / 초록색이야
It's gray.,잇츠 그레이.,그것은 / 회색이야
It's red.,잇츠 레드.,그것은 / 빨간색이야
What's this?,왓츠 디스?,무엇이니 / 이것은
It's a red and yellow bag.,잇츠 어 레드 앤드 옐로우 백.,그것은 / 이야 / 빨갛고 노란 / 가방
I like apples.,아이 라이크 애플즈.,나는 / 좋아해 / 사과를
I don't like apples.,아이 돈트 라이크 애플즈.,나는 / 좋아하지 않아 / 사과를
Do you like chicken?,두 유 라이크 치킨?,좋아하니 / 너는 / 닭고기를
"Yes, I like chicken.","예스, 아이 라이크 치킨.",응 / 나는 / 좋아해 / 닭고기를
"No, I don't like chicken.","노우, 아이 돈트 라이크 치킨.",아니 / 나는 / 좋아하지 않아 / 닭고기를
I like grapes.,아이 라이크 그레입스.,나는 / 좋아해 / 포도를
I like bananas.,아이 라이크 버내너즈.,나는 / 좋아해 / 바나나를
"Me, too.","미, 투.",나도 / 역시
I like singing.,아이 라이크 씽잉.,나는 / 좋아해 / 노래하는 것을
"Me, too.","미, 투.",나도 / 그래
What do you like?,왓 두 유 라이크?,무엇을 / 좋아하니 / 너는
I like cats.,아이 라이크 캣츠.,나는 / 좋아해 / 고양이를
"I like cats, too.","아이 라이크 캣츠, 투.",나는 / 좋아해 / 고양이를 / 나도 역시
I like playing soccer.,아이 라이크 플레잉 싸커.,나는 / 좋아해 / 축구 하는 것을
Do you like monkeys?,두 유 라이크 멍키즈?,좋아하니 / 너는 / 원숭이를
"Yes, I like monkeys.","예스, 아이 라이크 멍키즈.",응 / 나는 / 좋아해 / 원숭이를
How about you?,하우 어바웃 유?,어때 / 너는
I don't like monkeys.,아이 돈트 라이크 멍키즈.,나는 / 좋아하지 않아 / 원숭이를
I don't like spiders.,아이 돈트 라이크 스파이더즈.,나는 / 좋아하지 않아 / 거미를
What's your favorite color?,왓츠 유어 페이버릿 컬러?,무엇이니 / 너의 / 가장 좋아하는 / 색깔은
It's red.,잇츠 레드.,그것은 / 빨간색이야
It's purple.,잇츠 퍼플.,그것은 / 보라색이야
I like brown.,아이 라이크 브라운.,나는 / 좋아해 / 갈색을
What's your favorite fruit?,왓츠 유어 페이버릿 프루트?,무엇이니 / 너의 / 가장 좋아하는 / 과일은
It's an apple.,잇츠 언 애플.,그것은 / 이야 / 사과
What's your favorite number?,왓츠 유어 페이버릿 넘버?,무엇이니 / 너의 / 가장 좋아하는 / 숫자는
It's three.,잇츠 쓰리.,그것은 / 3이야
I like number seven.,아이 라이크 넘버 쎄븐.,나는 / 좋아해 / 숫자 / 7을
Seven is a popular number among people.,쎄븐 이즈 어 파퓰러 넘버 어멍 피플.,7은 / 이야 / 인기 있는 / 숫자 / 사람들 사이에서
What's your favorite sport?,왓츠 유어 페이버릿 스포트?,무엇이니 / 너의 / 가장 좋아하는 / 스포츠는
I like to play baseball.,아이 라이크 투 플레이 베이스볼.,나는 / 좋아해 / 하는 것을 / 야구를
I have two dogs.,아이 해브 투 독스.,나는 / 가지고 있어 / 개 두 마리를
I have three cats.,아이 해브 쓰리 캣츠.,나는 / 가지고 있어 / 고양이 세 마리를
Do you have pigs?,두 유 해브 피그즈?,가지고 있니 / 너는 / 돼지를
"Yes, I do. / No, I don't.","예스, 아이 두. / 노우, 아이 돈트.",응 / 그래 / 아니 / 그렇지 않아
Do you have any dogs?,두 유 해브 애니 독스?,가지고 있니 / 너는 / 개를
"Yes, I do.","예스, 아이 두.",응 / 그래
How many dogs do you have?,하우 매니 독스 두 유 해브?,얼마나 많은 / 개를 / 가지고 있니 / 너는
I have five dogs.,아이 해브 파이브 독스.,나는 / 가지고 있어 / 개 다섯 마리를
How many flowers are there?,하우 매니 플라워즈 아 데어?,얼마나 많은 / 꽃들이 / 있니
There's one flower.,데어즈 원 플라워.,있어 / 꽃이 / 한 송이
There are three flowers.,데어 아 쓰리 플라워즈.,있어 / 꽃들이 / 세 송이
How many are there in your family?,하우 매니 아 데어 인 유어 패밀리?,얼마나 많은 / 있니 / 너희 / 가족에
There are five in my family.,데어 아 파이브 인 마이 패밀리.,있어 / 다섯 명이 / 우리 / 가족에
Do you have any brothers?,두 유 해브 애니 브라더즈?,있니 / 너는 / 형제가
I have one elder brother.,아이 해브 원 엘더 브라더.,나는 / 있어 / 형이 / 한 명
I can ski.,아이 캔 스키.,나는 / 할 수 있어 / 스키를
I can't ski.,아이 캔트 스키.,나는 / 할 수 없어 / 스키를
Can you ski?,캔 유 스키?,할 수 있니 / 너는 / 스키를
"Yes, I can.","예스, 아이 캔.",응 / 할 수 있어
"Sure, I can.","슈어, 아이 캔.",물론 / 할 수 있어
"No, I can't.","노우, 아이 캔트.",아니 / 할 수 없어
I can't jump.,아이 캔트 점프.,나는 / 할 수 없어 / 점프를
Help!,헬프!,도와줘!
Wait! I'm coming.,웨잇! 아임 커밍.,기다려 / 내가 / 가고 있어
Are you OK?,아 유 오케이?,괜찮니 / 너는
"Yes, I'm OK.","예스, 아임 오케이.",응 / 나는 / 괜찮아
There is a pet shop around my house.,데어 이즈 어 펫 샵 어라운드 마이 하우스.,있어 / 애완동물 샵이 / 내 집 / 주변에
It's cold.,잇츠 콜드.,추워
Put on your gloves.,풋 온 유어 글러브스.,껴 / 너의 / 장갑을
It's hot outside.,잇츠 핫 아웃사이드.,더워 / 바깥은
Put on your sweater.,풋 온 유어 스웨터.,입어 / 너의 / 스웨터를
It's too small.,잇츠 투 스몰.,그것은 / 너무 / 작아
They're too small.,데이어 투 스몰.,그것들은 / 너무 / 작아
I don't like a rainy day.,아이 돈트 라이크 어 레이니 데이.,나는 / 좋아하지 않아 / 비오는 날을
It's snowing.,잇츠 스노우잉.,눈이 / 오고 있어
I like snow.,아이 라이크 스노우.,나는 / 좋아해 / 눈을
"I like snow, too.","아이 라이크 스노우, 투.",나도 / 좋아해 / 눈을
Let's make a snowman.,렛츠 메이크 어 스노우맨.,만들자 / 눈사람을
Let's go outside.,렛츠 고우 아웃사이드.,가자 / 밖으로
Let's go on a picnic.,렛츠 고우 온 어 픽닉.,가자 / 소풍을
That's a good idea.,댓츠 어 굿 아이디어.,그건 / 좋은 / 생각이야
How's the weather?,하우즈 더 웨더?,어때 / 날씨가
It's sunny.,잇츠 써니.,맑은 / 날씨야
It's a little windy today.,잇츠 어 리를 윈디 투데이.,조금 / 바람이 불어 / 오늘은
How will the weather be tomorrow?,하우 윌 더 웨더 비 투모로우?,어떨까 / 날씨가 / 내일은
It'll be cold tomorrow.,잇을 비 콜드 투모로우.,추울 거야 / 내일은
It'll be sunny tomorrow.,잇을 비 써니 투모로우.,맑을 거야 / 내일은
"Hi, mom! I'm home.","하이, 맘! 아임 홈.",엄마 / 다녀왔습니다
Did you have a good time?,디쥬 해브 어 굿 타임?,보냈니 / 좋은 시간을 / 너는
"Yes, I had a good time.","예스, 아이 해드 어 굿 타임.",응 / 나는 / 보냈어 / 좋은 시간을
Have a nice day.,해브 어 나이스 데이.,보내 / 좋은 / 하루를
Have a good weekend.,해브 어 굿 위켄드.,보내 / 좋은 / 주말을
Enjoy your trip to Europe.,인조이 유어 트립 투 유럽.,즐겨 / 너의 / 여행을 / 유럽으로
"You, too.","유, 투.",너도 / 역시
I hope to see you again.,아이 홉 투 씨 유 어겐.,나는 / 바라 / 보기를 / 너를 / 다시
I hope so.,아이 홉 쏘우.,나도 / 그러기를 / 바라
It was nice meeting you today.,잇 워즈 나이스 미팅 유 투데이.,좋았어 / 만나서 / 너를 / 오늘
I'm afraid I've got to go.,아임 어프레이드 아이브 갓 투 고우.,그만 / 가봐야겠어
"Me, too. Nice talking with you.","미, 투. 나이스 토킹 위드 유.",나도 / 즐거웠어 / 얘기가 / 너와
Watch out! Are you OK?,워치 아웃! 아 유 오케이?,조심해 / 괜찮니 / 너는
"Yes, I'm OK.","예스, 아임 오케이.",응 / 나는 / 괜찮아
Watch your step.,워치 유어 스텝.,조심해 / 너의 / 발걸음을
"Oh, thank you!","오, 땡큐!",오 / 고마워!
Don't go that way. Watch out!,돈트 고우 댓 웨이. 워치 아웃!,가지마 / 그쪽으로 / 조심해!
Thanks.,땡크스.,고마워
Don't run. Don't do that.,돈트 런. 돈트 두 댓.,달리지마 / 그러지 마
Don't watch TV.,돈트 워치 티비.,보지마 / TV를
Don't play the piano.,돈트 플레이 더 피애노우.,치지마 / 피아노를
See you tomorrow at school.,씨 유 투모로우 앳 스쿨.,봐 / 내일 / 학교에서
"Wow, beautiful! I like flowers.","와우, 뷰티풀! 아이 라이크 플라워즈.",와 / 아름답다 / 나는 / 좋아해 / 꽃을
Thank you for your advice.,땡큐 포 유어 어드바이스.,고마워 / 너의 / 조언에 대해
Don't shout.,돈트 샤웃.,소리지르지마
Nice meeting you.,나이스 미팅 유.,반가웠어 / 만나서
I have a date at six.,아이 해브 어 데이트 앳 씩스.,나는 / 있어 / 약속이 / 6시에
What should we do now?,왓 슈드 위 두 나우?,무엇을 / 해야 하지 / 우리는 / 지금
I didn't know that.,아이 디든트 노우 댓.,나는 / 몰랐어 / 그것을
It's a long way.,잇츠 어 롱 웨이.,그것은 / 이야 / 먼 길
Draw a line on it.,드로우 어 라인 온 잇.,그어 / 선을 / 그 위에
Like this?,라이크 디스?,이렇게?
Good!,굿!,좋아!
Draw a rectangle on it.,드로우 어 렉탱글 온 잇.,그려 / 직사각형을 / 그 위에
Make big circles on the paper.,메이크 빅 써클즈 온 더 페이퍼.,그려 / 큰 원들을 / 종이 위에
"Can you help me, please?","캔 유 헬프 미, 플리즈?",도와 줄 수 있니 / 나를 / 제발
"Sure, I can.","슈어, 아이 캔.",물론 / 할 수 있어
"Sorry, I can't.","쏘리, 아이 캔트.",미안해 / 할 수 없어
I'm busy.,아임 비지.,나는 / 바빠
Let me help you.,렛 미 헬프 유.,도와줄게 / 내가 / 너를
Thank you.,땡큐.,고마워
Thank you for helping me.,땡큐 포 헬핑 미.,고마워 / 도와줘서 / 나를
Thank you for coming.,땡큐 포 커밍.,고마워 / 와줘서
Don't mention it.,돈트 멘션 잇.,그런 말 하지마
It was nothing.,잇 워즈 낫씽.,별것도 / 아니었어
It's my pleasure.,잇츠 마이 플레져.,천만에 / 나의 / 기쁨이야
Thank you for giving me a ride.,땡큐 포 기빙 미 어 라이드.,고마워 / 태워줘서 / 나를
How are you doing?,하우 아 유 두잉?,어떻게 / 지내니 / 너는
"I'm fine, thank you.","아임 파인, 땡큐.",잘 지내 / 고마워
How is it going?,하우 이즈 잇 고잉?,어떻게 / 되어가고 있니
Not so good.,낫 쏘우 굿.,별로 / 좋지 않아
How have you been?,하우 해브 유 빈?,어떻게 / 지냈니 / 너는
I'm good.,아임 굿.,나는 / 잘 지내
I have a cold.,아이 해브 어 콜드.,나는 / 걸렸어 / 감기에
I have a headache.,아이 해브 어 헤드에이크.,나는 / 있어 / 두통이
I have a toothache.,아이 해브 어 투쓰에이크.,나는 / 있어 / 치통이
Long time no see.,롱 타임 노우 씨.,오랜만이야
How is your family?,하우 이즈 유어 패밀리?,잘 지내니 / 너의 / 가족들은
They are fine.,데이 아 파인.,그들은 / 잘 지내
How old are you?,하우 올드 아 유?,몇 살이니 / 너는
I'm eight years old.,아임 에잇 이어즈 올드.,나는 / 여덟 살이야
How old is your sister?,하우 올드 이즈 유어 씨스터?,몇 살이니 / 너의 / 여동생은
She is seven years old.,쉬 이즈 쎄븐 이어즈 올드.,그녀는 / 일곱 살이야
"My sister is seven years old, too.","마이 씨스터 이즈 쎄븐 이어즈 올드, 투.",내 / 여동생도 / 일곱 살이야 / 역시
When were you born?,웬 워 유 보언?,언제 / 태어났니 / 너는
I was born in 1991.,아이 워즈 보언 인 나인틴 나인티원.,나는 / 태어났어 / 1991년에
When was your father born?,웬 워즈 유어 파더 보언?,언제 / 태어나셨니 / 너의 / 아버지는
He was born in 1959.,히 워즈 보언 인 나인틴 피프티나인.,그는 / 태어나셨어 / 1959년에
What day is it today?,왓 데이 이즈 잇 투데이?,무슨 / 요일이니 / 오늘이
It's Sunday.,잇츠 썬데이.,일요일이야
What's the date today?,왓츠 더 데이트 투데이?,몇 일이니 / 오늘이
It's July 12th.,잇츠 줄라이 트웰브쓰.,7월 / 12일이야
When is your piano concert?,웬 이즈 유어 피애노우 컨서트?,언제니 / 너의 / 피아노 콘서트가
It is January 7th.,잇 이즈 재뉴어리 쎄븐쓰.,1월 / 7일이야
When is your birthday?,웬 이즈 유어 버얼쓰데이?,언제니 / 너의 / 생일이
It's May 20th.,잇츠 메이 트웬티에쓰.,5월 / 20일이야
We have an English class today.,위 해브 언 잉글리쉬 클래스 투데이.,우리는 / 있어 / 영어 수업이 / 오늘
English? We don't have any English class today.,잉글리쉬? 위 돈트 해브 애니 잉글리쉬 클래스 투데이.,영어라고 / 우리는 / 없어 / 영어 수업이 / 오늘
I have an English class on Monday.,아이 해브 언 잉글리쉬 클래스 온 먼데이.,나는 / 있어 / 영어 수업이 / 월요일에
I don't have any English class on Monday.,아이 돈트 해브 애니 잉글리쉬 클래스 온 먼데이.,나는 / 없어 / 영어 수업이 / 월요일에
What time is it?,왓 타임 이즈 잇?,몇 시니
It's eight o'clock.,잇츠 에잇 어클락.,8시야
Hurry up.,허리 업.,서둘러
It's time for school.,잇츠 타임 포 스쿨.,시간이야 / 학교 갈
Oh! I'm late.,오! 아임 레이트.,오 / 나는 / 늦었어
It's time to go home.,잇츠 타임 투 고우 홈.,시간이야 / 집에 갈
What time is it now?,왓 타임 이즈 잇 나우?,몇 시니 / 지금
It's already four forty.,잇츠 올레디 포 포티.,벌써 / 4시 40분이야
I'm sorry.,아임 쏘리.,미안합니다
I'm late.,아임 레이트.,나는 / 늦었어
That's OK.,댓츠 오케이.,괜찮아
I'm sorry to have kept you waiting.,아임 쏘리 투 해브 켑트 유 웨이팅.,미안해 / 기다리게 해서 / 너를
That's all right.,댓츠 올 라이트.,괜찮아
Are you ready to go?,아 유 레디 투 고우?,준비 됐니 / 갈
"Yes, I am. / No, I'm not.","예스, 아이 엠. / 노우, 아임 낫.",응 / 그래 / 아니 / 그렇지 않아
I'll be ready in a few minutes.,아일 비 레디 인 어 퓨 미닛츠.,준비될 거야 / 조금만 더 기다리면
Take your time.,테이크 유어 타임.,천천히 해
Hurry up!,허리 업!,서둘러!
There's no time to lose.,데어즈 노우 타임 투 루즈.,없어 / 기다릴 / 시간이
OK. It won't be long.,오케이. 잇 원트 비 롱.,알았어 / 오래 걸리지 않을 거야
Who's she?,후즈 쉬?,누구니 / 그녀는
She's my grandmother.,쉬즈 마이 그랜드머더.,그녀는 / 나의 / 할머니야
She's old.,쉬즈 올드.,그녀는 / 연세가 있어
Who is this?,후 이즈 디스?,누구니 / 이 사람은
He's my teacher.,히즈 마이 티처.,그는 / 나의 / 선생님이야
Who's this girl?,후즈 디스 걸?,누구니 / 이 소녀는
She's my sister.,쉬즈 마이 씨스터.,그녀는 / 나의 / 여동생이야
Who are they?,후 아 데이?,누구니 / 그들은
They're students.,데이어 스튜던츠.,그들은 / 학생들이야
Is he a teacher?,이즈 히 어 티처?,선생님이니 / 그는
"Yes, he is. / No, he is not.","예스, 히 이즈. / 노우, 히 이즈 낫.",응 / 그래 / 아니 / 그렇지 않아
Are they cooks?,아 데이 쿡스?,요리사들이니 / 그들은
"Yes, they are. / No, they are not.","예스, 데이 아. / 노우, 데이 아 낫.",응 / 그래 / 아니 / 그렇지 않아
Does your mother work?,더즈 유어 마더 워크?,일하니 / 너의 / 어머니는
"Yes, she does.","예스, 쉬 더즈.",응 / 그래
She's a teacher.,쉬즈 어 티처.,그녀는 / 선생님이야
Is she a nurse?,이즈 쉬 어 너스?,간호사니 / 그녀는
"No, she is not. She's a cook.","노우, 쉬 이즈 낫. 쉬즈 어 쿡.",아니 / 그렇지 않아 / 그녀는 / 요리사야
Really? Where does she work?,리얼리? 웨어 더즈 쉬 워크?,정말이야 / 어디서 / 일하니 / 그녀는
She works at Kim's restaurant.,쉬 워크스 앳 킴스 레스터란트.,그녀는 / 일해 / 김가네 식당에서
Are they farmers?,아 데이 파머즈?,농부니 / 그들은
"Yes, they are.","예스, 데이 아.",응 / 그래
Where do they live?,웨어 두 데이 리브?,어디서 / 사니 / 그들은
They live in the countryside.,데이 리브 인 더 컨트리사이드.,그들은 / 살아 / 시골에서
Let's go skiing together.,렛츠 고우 스키잉 투게더.,가자 / 스키 타러 / 함께
Wow! That would be great.,와우! 댓 우드 비 그레이트.,와우 / 그거 / 좋겠다
"But, I can't ski well.","벗, 아이 캔트 스키 웰.",근데 / 나는 / 못 타 / 스키를 / 잘
Come on. I'll help you.,컴 온. 아일 헬프 유.,오 이런 / 내가 / 도와줄게 / 너를
Are they police officers?,아 데이 펄리스 오피서즈?,경찰이니 / 그들은
"No, they are not.","노우, 데이 아 낫.",아니 / 그들은 / 그렇지 않아
They're taxi drivers.,데이어 택시 드라이버즈.,그들은 / 이야 / 택시 운전기사
What does your father do?,왓 더즈 유어 파더 두?,무슨 일을 하니 / 너의 / 아버지는
He's a pilot.,히즈 어 파일럿.,그는 / 조종사야
What do you do?,왓 두 유 두?,무슨 일을 하니 / 너는
I'm a doctor.,아임 어 닥터.,나는 / 의사야
What do you usually do?,왓 두 유 유주얼리 두?,주로 / 무슨 일을 하니 / 너는
I help sick people.,아이 헬프 씩 피플.,나는 / 도와 / 아픈 / 사람들을
Where do you work?,웨어 두 유 워크?,어디서 / 일하니 / 너는
I work in the clinic.,아이 워크 인 더 클리닉.,나는 / 일해 / 병원에서
Where do you live? I live in Seoul.,웨어 두 유 리브? 아이 리브 인 서울.,어디서 / 사니 / 나는 / 살아 / 서울에서
What's your address?,왓츠 유어 어드레스?,무엇이니 / 너의 / 주소가
It's seventeen North Street.,잇츠 쎄븐틴 노어쓰 스트리트.,17 / North Street / 이야
What's your telephone number?,왓츠 유어 텔리폰 넘버?,무엇이니 / 너의 / 전화번호가
It's five nine two two seven two eight.,잇츠 파이브 나인 투 투 쎄븐 투 에잇.,592-2728 / 이야
What's your hobby?,왓츠 유어 하비?,무엇이니 / 너의 / 취미가
I like listening to music.,아이 라이크 리스닝 투 뮤직.,나는 / 좋아해 / 듣는 것을 / 음악을
Where are you going?,웨어 아 유 고잉?,어디에 / 가니 / 너는
I'm going to the park.,아임 고잉 투 더 파크.,나는 / 가고 있어 / 공원에
How do you get there?,하우 두 유 겟 데어?,어떻게 / 가니 / 거기에
I walk there.,아이 워크 데어.,나는 / 걸어서 / 가
Are you good at mathematics?,아 유 굿 앳 매써매틱스?,잘하니 / 너는 / 수학을
"No, I'm poor at mathematics.","노우, 아임 푸어 앳 매써매틱스.",아니 / 나는 / 서툴러 / 수학에
But I'm good at English.,벗 아임 굿 앳 잉글리쉬.,그렇지만 / 나는 / 잘해 / 영어를
What subjects are you good at?,왓 섭젝츠 아 유 굿 앳?,무슨 / 과목을 / 잘하니 / 너는
I'm good at science and math.,아임 굿 앳 사이언스 앤드 매쓰.,나는 / 잘해 / 과학과 / 수학을
I'm not good at sports.,아임 낫 굿 앳 스포츠.,나는 / 못해 / 운동을
I'm very unhappy about this.,아임 베리 언해피 어바웃 디스.,나는 / 매우 / 불만스러워 / 이점에 대해
"Oh, come on! Don't say that!","오, 컴 온! 돈트 세이 댓!",오 이런 / 그런 말 / 하지마!
"You are good at mathematics, aren't you?","유 아 굿 앳 매써매틱스, 아런트 유?",너는 / 잘하잖아 / 수학을 / 그렇지 않니
"Yes, I'm good at mathematics.","예스, 아임 굿 앳 매써매틱스.",응 / 나는 / 잘해 / 수학을
What's wrong?,왓츠 롱?,무슨 / 일이니
I'm not happy with my appearance.,아임 낫 해피 위드 마이 어피어런스.,나는 / 만족하지 않아 / 나의 / 외모가
Come on. What do you mean?,컴 온. 왓 두 유 민?,오 이런 / 무슨 / 뜻이야
I'm too short.,아임 투 쇼트.,나는 / 너무 / 작아
Are you interested in collecting stamps?,아 유 인터레스티드 인 컬렉팅 스탬프스?,관심있니 / 너는 / 우표 수집에
Yeah. I'm interested in collecting stamps.,예아. 아임 인터레스티드 인 컬렉팅 스탬프스.,그래 / 나는 / 관심있어 / 우표 수집에
I like it a lot.,아이 라이크 잇 어 랏.,나는 / 좋아해 / 그것을 / 정말
No. I'm not interested in collecting stamps.,노우. 아임 낫 인터레스티드 인 컬렉팅 스탬프스.,아니 / 나는 / 관심없어 / 우표 수집에
How was the final exam?,하우 워즈 더 파이널 이그잼?,어땠니 / 기말고사가
It didn't go well.,잇 디든트 고우 웰.,잘 / 보지 못했어
I hope everything goes well next time.,아이 홉 에브리씽 고우즈 웰 넥스트 타임.,바라 / 다 잘 되기를 / 다음 번에
Thank you.,땡큐.,고마워
I passed the exam.,아이 패스트 디 이그잼.,나는 / 합격했어 / 시험에
I'm so happy to hear that.,아임 쏘우 해피 투 히어 댓.,나는 / 너무 기뻐 / 그 말을 들으니
What elementary school did you graduate from?,왓 엘리멘터리 스쿨 디쥬 그래쥬에이트 프롬?,어느 / 초등학교를 / 졸업했니 / 너는
I graduated from Ichthus Elementary School.,아이 그래쥬에이티드 프롬 익투스 엘리멘터리 스쿨.,나는 / 졸업했어 / 익투스 초등학교를
What middle school do you go to?,왓 미들 스쿨 두 유 고우 투?,어느 / 중학교에 / 다니니 / 너는
I go to Ichthus Middle School.,아이 고우 투 익투스 미들 스쿨.,나는 / 다녀 / 익투스 중학교에
What university did you graduate from?,왓 유니버시티 디쥬 그래쥬에이트 프롬?,어느 / 대학을 / 나왔니 / 너는
I graduated from Harvard.,아이 그래쥬에이티드 프롬 하버드.,나는 / 졸업했어 / 하버드를
What grade are you in?,왓 그레이드 아 유 인?,몇 / 학년이니 / 너는
I'm in the second grade.,아임 인 더 쎄컨드 그레이드.,나는 / 2학년이야
Congratulations!,컨그래쥴레이션스!,축하해!
Thank you!,땡큐!,고마워!
What middle school are you going to?,왓 미들 스쿨 아 유 고잉 투?,어느 / 중학교에 / 갈 예정이니 / 너는
Ichthus Middle School.,익투스 미들 스쿨.,익투스 / 중학교
Guess what!,게스 왓!,맞춰봐 / 무엇인지!
What?,왓?,뭔데?
I won a race!,아이 원 어 레이스!,나는 / 이겼어 / 경주에서!
Are you serious?,아 유 씨리어스?,진담이니
"Yes, I am.","예스, 아이 엠.",응 / 그래
"No, I'm just kidding.","노우, 아임 저스트 키딩.",아니 / 단지 / 농담이야
What happened?,왓 해펀드?,무슨 / 일이니
I broke a window.,아이 브로우크 어 윈도우.,나는 / 깨뜨렸어 / 창문을
I'm afraid I cut my finger.,아임 어프레이드 아이 컷 마이 핑거.,것 같아 / 벤 / 손가락을
I think you should see a doctor.,아이 씽크 유 슈드 씨 어 닥터.,내 생각에 / 너는 / 받아야 / 진찰을
You know what?,유 노우 왓?,그거 / 아니
What?,왓?,뭔데?
Plants can listen to music.,플랜츠 캔 리슨 투 뮤직.,식물이 / 할 수 있대 / 들을 / 음악을
Wow! That's really surprising.,와우! 댓츠 리얼리 써프라이징.,야 / 그거 / 정말 / 놀랍구나
Let's play soccer.,렛츠 플레이 싸커.,하자 / 축구를
"OK. / Sorry, I can't.","오케이. / 쏘리, 아이 캔트.",좋아 / 미안해 / 할 수 없어
Can you join us?,캔 유 조인 어스?,할 수 있니 / 함께 / 우리와
"Sure, I can. / Sorry, I can't. I must go home.","슈어, 아이 캔. / 쏘리, 아이 캔트. 아이 머스트 고우 홈.",당연하지 / 미안해 / 할 수 없어 / 가야 해 / 집에
Can you play with us tomorrow?,캔 유 플레이 위드 어스 투모로우?,놀 수 있니 / 우리와 / 내일
"Yes, I can.","예스, 아이 캔.",응 / 할 수 있어
"Sorry, I can't. I'm busy.","쏘리, 아이 캔트. 아임 비지.",미안해 / 할 수 없어 / 나는 / 바빠
I have a piano lesson tomorrow.,아이 해브 어 피애노우 레슨 투모로우.,나는 / 있어 / 피아노 수업이 / 내일
Let's go swimming.,렛츠 고우 스위밍.,가자 / 수영하러
Sounds good.,사운즈 굿.,좋은 / 생각이야
How about this afternoon?,하우 어바웃 디스 애프터눈?,어때 / 오늘 오후는
Sounds good.,사운즈 굿.,좋은 / 생각이야
Let's go fishing this afternoon.,렛츠 고우 피슁 디스 애프터눈.,가자 / 낚시하러 / 오늘 오후에
Sounds good.,사운즈 굿.,좋은 / 생각이야
What time shall we make it?,왓 타임 쉘 위 메이크 잇?,몇 시에 / 만날까 / 우리는
How about three o'clock?,하우 어바웃 쓰리 어클락?,어때 / 3시는
OK.,오케이.,좋아
Are you all right?,아 유 올 라이트?,괜찮니 / 너는
"Yes, I'm all right.","예스, 아임 올 라이트.",응 / 나는 / 괜찮아
"No, I'm sick.","노우, 아임 씩.",아니 / 나는 / 아파
What's the matter with you?,왓츠 더 매터 위드 유?,무슨 / 일이니 / 너는
I have a fever.,아이 해브 어 피버.,나는 / 있어 / 열이
That's too bad.,댓츠 투 배드.,그것 / 참 / 안됐구나
My cousin is coming from Seoul tomorrow.,마이 커즌 이즈 커밍 프롬 서울 투모로우.,내 / 사촌이 / 온다 / 서울에서 / 내일
I'm going to go to the airport.,아임 고잉 투 고우 투 디 에어포트.,나는 / 갈 예정이야 / 공항으로
Really? Can I join you?,리얼리? 캔 아이 조인 유?,정말 / 갈 수 있을까 / 나도 / 같이
"Yes, I can.","예스, 아이 캔.",당연하지
What time shall we make it?,왓 타임 쉘 위 메이크 잇?,몇 시에 / 만날까 / 우리는
How about three o'clock?,하우 어바웃 쓰리 어클락?,어때 / 3시는
OK. Let's meet at my house.,오케이. 렛츠 밋 앳 마이 하우스.,좋아 / 보자 / 내 집에서
"Mr. Johnson, Mary can't go to school today.","미스터 죤슨, 메리 캔트 고우 투 스쿨 투데이.",죤슨 선생님 / 메리는 / 갈 수 없어요 / 학교에 / 오늘
Why not?,와이 낫?,왜요?
Because she's sick.,비코즈 쉬즈 씩.,왜냐하면 / 그녀는 / 아파요
She has a bad cold.,쉬 해즈 어 배드 콜드.,그녀는 / 걸렸어요 / 독감에
That's too bad.,댓츠 투 배드.,그것 / 참 / 안됐구나
Why did you stay home?,와이 디쥬 스테이 홈?,왜 / 있었니 / 너는 / 집에
Because I had a cold.,비코즈 아이 해드 어 콜드.,왜냐하면 / 나는 / 걸렸었거든 / 감기에
I have an appointment with Dr. Johnson at two o'clock.,아이 해브 언 어포인트먼트 위드 닥터 죤슨 앳 투 어클락.,나는 / 있어요 / 약속이 / 죤슨 박사님과 / 2시에
"Please, have a seat.","플리즈, 해브 어 씻.",제발 / 앉아 주세요
I'm hungry.,아임 헝그리.,나는 / 배고파
It's time for lunch.,잇츠 타임 포 런치.,시간이야 / 점심 먹을
Let's have lunch.,렛츠 해브 런치.,먹자 / 점심을
What's for lunch?,왓츠 포 런치?,무엇이니 / 점심은
It's Spaghetti.,잇츠 스파게티.,스파게티야
Help yourself.,헬프 유어셀프.,많이 먹어
Thank you.,땡큐.,고마워
Go ahead.,고우 어헤드.,자 / 어서
Here's your lunch.,히어즈 유어 런치.,여기 / 너의 / 점심이야
Thank you.,땡큐.,고마워
Make yourself at home.,메이크 유어셀프 앳 홈.,편하게 있어 / 집처럼
Thank you!,땡큐!,고마워!
Can I have some water?,캔 아이 해브 썸 워터?,마실 수 있을까 / 물 좀
Sure. Here you are.,슈어. 히어 유 아.,물론이지 / 여기 있어
Thank you. How kind of you!,땡큐. 하우 카인드 오브 유!,고마워 / 참 / 친절하구나!
"Pass me the salt, please.","패스 미 더 쏠트, 플리즈.",건네줘 / 나에게 / 소금을 / 제발
Here you are.,히어 유 아.,여기 있어
What do you want to eat?,왓 두 유 원트 투 잇?,무엇을 / 먹고 싶니 / 너는
I want milk.,아이 원트 밀크.,나는 / 원해 / 우유를
Would you like to come to my house?,우쥬 라이크 투 컴 투 마이 하우스?,오고 싶니 / 우리 집에
"Yes, I'd love to.","예스, 아이드 러브 투.",응 / 그러고 싶어
Next Thursday is Thanksgiving Day.,넥스트 써즈데이 이즈 땡크스기빙 데이.,다음주 / 목요일은 / 추수감사절이야
Thanksgiving Day?,땡크스기빙 데이?,추수감사절?
Yes. Would you like to come to my house?,예스. 우쥬 라이크 투 컴 투 마이 하우스?,응 / 오고 싶니 / 우리 집에
"Yes, I'd love to.","예스, 아이드 러브 투.",응 / 그러고 싶어
Would you like to come to my house for dinner?,우쥬 라이크 투 컴 투 마이 하우스 포 디너?,오시겠어요 / 우리 집에 / 저녁 드시러
Thank you. That's very kind of you.,땡큐. 댓츠 베리 카인드 오브 유.,고마워요 / 참 / 친절하시군요
Would you like to go to a concert this weekend?,우쥬 라이크 투 고우 투 어 컨서트 디스 위켄드?,가시겠어요 / 음악회에 / 이번 주말에
"I'd love to, but I have to take care of my sister.","아이드 러브 투, 벗 아이 해브 투 테이크 케어 오브 마이 씨스터.",그러고 싶지만 / 돌봐야 해요 / 여동생을
OK. Maybe next time.,오케이. 메이비 넥스트 타임.,좋아요 / 아마 / 다음에
Would you like to go to the movies this Saturday?,우쥬 라이크 투 고우 투 더 무비즈 디스 쌔터데이?,가시겠어요 / 영화 보러 / 이번 토요일에
"I'd love to, but I can't. I have to visit my grandmother with my family.","아이드 러브 투, 벗 아이 캔트. 아이 해브 투 비짓 마이 그랜드머더 위드 마이 패밀리.",그러고 싶지만 / 안돼요 / 방문해야 해요 / 할머니를 / 가족과 함께
Do you usually spend weekends with your family?,두 유 유주얼리 스펜드 위켄즈 위드 유어 패밀리?,보내니 / 주로 / 주말을 / 가족과 함께
"Yes, I do. I have a great time with them.","예스, 아이 두. 아이 해브 어 그레이트 타임 위드 뎀.",응 / 좋은 시간을 / 보내 / 그들과
I envy you.,아이 엔비 유.,나는 / 부러워 / 너가
What are you doing?,왓 아 유 두잉?,무엇을 / 하고 있니 / 너는
I'm drawing a picture.,아임 드로잉 어 픽처.,나는 / 그리고 있어 / 그림을
Is it fun?,이즈 잇 펀?,재미있니 / 그것이
Yes. Would you like to join me?,예스. 우쥬 라이크 투 조인 미?,응 / 하시겠어요 / 같이 / 저랑
Sure. I'd love to.,슈어. 아이드 러브 투.,그럼요 / 좋습니다
Would you like to come to my birthday party?,우쥬 라이크 투 컴 투 마이 버얼쓰데이 파티?,오시겠어요 / 내 / 생일 파티에
"Oh, don't take off your shoes.","오, 돈트 테이크 오프 유어 슈즈.",오 / 벗지 마 / 너의 / 신발을
Don't take off your hat.,돈트 테이크 오프 유어 햇.,벗지마 / 너의 / 모자를
Put on your shoes.,풋 온 유어 슈즈.,신어 / 너의 / 신발을
OK.,오케이.,알았어
Did you take off your coat?,디쥬 테이크 오프 유어 코우트?,벗었니 / 너는 / 코트를
"Yes, I took it off.","예스, 아이 툭 잇 오프.",응 / 나는 / 벗었어 / 그것을
"No, I didn't take it off.","노우, 아이 디든트 테이크 잇 오프.",아니 / 나는 / 안 벗었어 / 그것을
What do you want?,왓 두 유 원트?,무엇을 / 원하니 / 너는
"I want a watch, please.","아이 원트 어 워치, 플리즈.",나는 / 원해요 / 시계를
Here you are.,히어 유 아.,여기 있어요
Thank you.,땡큐.,고마워요
You're welcome.,유어 웰컴.,천만에요
Can I help you?,캔 아이 헬프 유?,도와드릴까요
"Yes, please.","예스, 플리즈.",예 / 부탁해요
How much is it?,하우 머치 이즈 잇?,얼마에요 / 그것은
It's two hundred dollars.,잇츠 투 헌드레드 달러즈.,그것은 / 200달러입니다
Can I help you?,캔 아이 헬프 유?,도와드릴까요
"Yes, please.","예스, 플리즈.",예 / 부탁해요
I'm looking for a pair of shoes.,아임 루킹 포 어 페어 오브 슈즈.,나는 / 찾고 있어요 / 신발을
Can I try this on?,캔 아이 트라이 디스 온?,입어봐도 될까요 / 이것을
Sure.,슈어.,그럼요
"Come this way, please.","컴 디스 웨이, 플리즈.",오세요 / 이쪽으로
What do you want to buy for your mother?,왓 두 유 원트 투 바이 포 유어 마더?,무엇을 / 사드리고 싶니 / 너의 / 어머니께
I want to buy a handkerchief for my mother.,아이 원트 투 바이 어 핸커치프 포 마이 마더.,나는 / 사고 싶어 / 손수건을 / 어머니께
How about this scarf?,하우 어바웃 디스 스카프?,어때 / 이 스카프는
That's good.,댓츠 굿.,그거 / 좋아
"No, that's not good.","노우, 댓츠 낫 굿.",아니 / 그것은 / 좋지 않아
What shall we buy for Mary?,왓 쉘 위 바이 포 메리?,무엇을 / 살까 / 우리는 / 메리를 위해서
How about a doll?,하우 어바웃 어 돌?,어때 / 인형은
Good idea.,굿 아이디어.,좋은 / 생각이야
I'm sure she'll like it.,아임 슈어 쉴 라이크 잇.,나는 / 확신해 / 그녀가 / 좋아할 거라고
What are you going to buy for your father?,왓 아 유 고잉 투 바이 포 유어 파더?,무엇을 / 사드릴 예정이니 / 너의 / 아버지께
I am going to buy a tie for him.,아이 엠 고잉 투 바이 어 타이 포 힘.,나는 / 살 예정이야 / 넥타이를 / 아버지께
What are you going to buy for your grandfather?,왓 아 유 고잉 투 바이 포 유어 그랜드파더?,무엇을 / 사드릴 예정이니 / 너의 / 할아버지께
Here's something for you.,히어즈 썸씽 포 유.,여기 / 있어 / 줄 게 / 너에게
I hope you like it.,아이 홉 유 라이크 잇.,바라 / 네가 / 맘에 들기를 / 그것이
Thank you.,땡큐.,고마워
I've always wanted this kind of doll.,아이브 올웨이즈 원티드 디스 카인드 오브 돌.,나는 / 항상 / 원했어 / 이런 종류의 / 인형을
I'm glad you like it.,아임 글래드 유 라이크 잇.,기뻐 / 네가 / 맘에 들어 해서 / 그것을
This watch is very nice.,디스 워치 이즈 베리 나이스.,이 / 시계는 / 매우 / 멋있어
Don't you think so?,돈트 유 씽크 쏘우?,생각지 않니 / 너도 / 그렇게
"Yes, I think so, too.","예스, 아이 씽크 쏘우, 투.",응 / 나도 / 생각해 / 그렇게
This shirt is very nice.,디스 셔트 이즈 베리 나이스.,이 / 셔츠가 / 매우 / 멋있어
You look great.,유 룩 그레이트.,너 / 멋있어 / 보인다
Thank you.,땡큐.,고마워
So do you.,쏘우 두 유.,너도 / 그래
Your jacket looks good on you.,유어 재킷 룩스 굿 온 유.,너의 / 재킷이 / 잘 어울려 / 너에게
Thank you.,땡큐.,고마워
You look so beautiful in your dress.,유 룩 쏘우 뷰티풀 인 유어 드레스.,너 / 굉장히 아름다워 / 보인다 / 드레스를 입으니
Thank you.,땡큐.,고마워
What's the matter?,왓츠 더 매터?,무슨 / 일이니
I'm sick.,아임 씩.,나는 / 아파
I have a cold.,아이 해브 어 콜드.,나는 / 걸렸어 / 감기에
What's the matter?,왓츠 더 매터?,무슨 / 일이니
I have a fever.,아이 해브 어 피버.,나는 / 있어 / 열이
Try this every eight hours.,트라이 디스 에브리 에잇 아워즈.,먹어봐 / 이것을 / 8시간마다
Try this every thirty minutes.,트라이 디스 에브리 써티 미닛츠.,먹어봐 / 이것을 / 30분마다
Take this medicine.,테이크 디스 메디신.,먹어라 / 이 / 약을
What's the matter with you?,왓츠 더 매터 위드 유?,무슨 / 일이니 / 너는
I have a cold.,아이 해브 어 콜드.,나는 / 걸렸어 / 감기에
I'll miss you.,아일 미스 유.,나는 / 보고 싶을 거야 / 너가
"I'll miss you, too.","아일 미스 유, 투.",나도 / 보고 싶을 거야 / 너가
Come and visit me sometime.,컴 앤드 비짓 미 썸타임.,와서 / 방문해줘 / 나를 / 언젠가
OK. That would be fun.,오케이. 댓 우드 비 펀.,좋아 / 그거 / 재미있겠구나
Say hello to your family.,세이 헬로우 투 유어 패밀리.,안부 전해줘 / 너의 / 가족에게
Say hello to your parents.,세이 헬로우 투 유어 페어런츠.,안부 전해줘 / 너의 / 부모님께
Say hello to your sister.,세이 헬로우 투 유어 씨스터.,안부 전해줘 / 너의 / 여동생에게
OK. I will.,오케이. 아이 윌.,좋아 / 그럴게
Good-bye.,굿 바이.,잘 있어
Give my regards to your mother.,기브 마이 리가즈 투 유어 마더.,전해줘 / 안부를 / 너의 / 어머니께
OK. I will.,오케이. 아이 윌.,좋아 / 그럴게
Good-bye.,굿 바이.,잘 있어
Let's keep in touch.,렛츠 킵 인 터치.,연락하고 / 지내자
OK. I'll call you soon.,오케이. 아일 콜 유 순.,좋아 / 내가 / 전화할게 / 곧
Put your pencil on the book.,풋 유어 펜슬 온 더 북.,놓아 / 너의 / 연필을 / 책 위에
Put your pencil under the book.,풋 유어 펜슬 언더 더 북.,놓아 / 너의 / 연필을 / 책 아래에
Where is the book?,웨어 이즈 더 북?,어디에 / 있니 / 책이
It's under the desk.,잇츠 언더 더 데스크.,그것은 / 있어 / 책상 아래에
Where is the eraser?,웨어 이즈 디 이레이저?,어디에 / 있니 / 지우개가
Where is my spoon?,웨어 이즈 마이 스푼?,어디에 / 있니 / 나의 / 스푼이
It's on the table.,잇츠 온 더 테이블.,그것은 / 있어 / 테이블 위에
Where is the pen?,웨어 이즈 더 펜?,어디에 / 있니 / 펜이
There is a book on the desk.,데어 이즈 어 북 온 더 데스크.,있습니다 / 책이 / 책상 위에
There are books on the desk.,데어 아 북스 온 더 데스크.,있습니다 / 책들이 / 책상 위에
Is there a book on the desk?,이즈 데어 어 북 온 더 데스크?,있습니까 / 책이 / 책상 위에
"Yes, there is.","예스, 데어 이즈.",예 / 있습니다
"No, there is not.","노우, 데어 이즈 낫.",아니요 / 없습니다
Is there a bag on the desk?,이즈 데어 어 백 온 더 데스크?,있습니까 / 가방이 / 책상 위에
Is there a pencil on the desk?,이즈 데어 어 펜슬 온 더 데스크?,있습니까 / 연필이 / 책상 위에
Is there a ball on the desk?,이즈 데어 어 볼 온 더 데스크?,있습니까 / 공이 / 책상 위에
There is some juice.,데어 이즈 썸 주스.,있어 / 주스가 / 좀
There is some cake.,데어 이즈 썸 케이크.,있어 / 케이크가 / 좀
There is some ice cream.,데어 이즈 썸 아이스크림.,있어 / 아이스크림이 / 좀
There are some cookies.,데어 아 썸 쿠키즈.,있어 / 쿠키가 / 좀
How much water is there?,하우 머치 워터 이즈 데어?,얼마나 / 있니 / 물이
There is a little water.,데어 이즈 어 리를 워터.,있어 / 물이 / 조금
How many apples are there?,하우 매니 애플즈 아 데어?,얼마나 많은 / 있니 / 사과가
There are a few apples.,데어 아 어 퓨 애플즈.,있어 / 사과가 / 몇 개
How many peaches are there?,하우 매니 피치즈 아 데어?,얼마나 많은 / 있니 / 복숭아가
How many pears are there?,하우 매니 페어즈 아 데어?,얼마나 많은 / 있니 / 배가
What's that?,왓츠 댓?,무엇이니 / 저것은
It's a living room.,잇츠 어 리빙 룸.,그것은 / 거실이야
It's a kitchen.,잇츠 어 키친.,그것은 / 부엌이야
It's a bedroom.,잇츠 어 베드룸.,그것은 / 침실이야
Where's the bathroom?,웨어즈 더 배쓰룸?,어디에 / 있어요 / 화장실이
"This way, please!","디스 웨이, 플리즈!",이쪽입니다
Where's the living room?,웨어즈 더 리빙 룸?,어디에 / 있어요 / 거실이
Where's the bedroom?,웨어즈 더 베드룸?,어디에 / 있어요 / 침실이
Where's the kitchen?,웨어즈 더 키친?,어디에 / 있어요 / 부엌이
Where are you?,웨어 아 유?,어디에 / 있니 / 너는
I'm in the kitchen.,아임 인 더 키친.,나는 / 있어 / 부엌에
I'm in the backyard.,아임 인 더 백야드.,나는 / 있어 / 뒷마당에
Where is he?,웨어 이즈 히?,어디에 / 있니 / 그는
He's at home.,히즈 앳 홈.,그는 / 있어 / 집에
He's at school.,히즈 앳 스쿨.,그는 / 있어 / 학교에
He's in the library.,히즈 인 더 라이브러리.,그는 / 있어 / 도서관에
He's at the park.,히즈 앳 더 파크.,그는 / 있어 / 공원에
Where is he now?,웨어 이즈 히 나우?,어디에 / 있니 / 그는 / 지금
He is on the slide.,히 이즈 온 더 슬라이드.,그는 / 있어 / 미끄럼틀 위에
Where was he?,웨어 워즈 히?,어디에 / 있었니 / 그는
He was on the slide.,히 워즈 온 더 슬라이드.,그는 / 있었어 / 미끄럼틀 위에
Where were you yesterday?,웨어 워 유 예스터데이?,어디에 / 있었니 / 너는 / 어제
I was at the swimming pool.,아이 워즈 앳 더 스위밍 풀.,나는 / 있었어 / 수영장에
I was at the playground.,아이 워즈 앳 더 플레이그라운드.,나는 / 있었어 / 운동장에
I was at the zoo.,아이 워즈 앳 더 주.,나는 / 있었어 / 동물원에
I was at the beach.,아이 워즈 앳 더 비치.,나는 / 있었어 / 바닷가에
How was it?,하우 워즈 잇?,어땠니 / 그것이
It was great.,잇 워즈 그레이트.,정말 / 좋았어
Where's your classroom?,웨어즈 유어 클래스룸?,어디에 / 있니 / 너의 / 교실이
It's on the second floor.,잇츠 온 더 쎄컨드 플로어.,그것은 / 있어 / 2층에
It's on the fourth floor.,잇츠 온 더 포어쓰 플로어.,그것은 / 있어 / 4층에
Where did you go?,웨어 디쥬 고우?,어디에 / 갔었니 / 너는
I went under a bridge and up a hill.,아이 웬트 언더 어 브리지 앤드 업 어 힐.,나는 / 갔어 / 다리 아래와 / 언덕 위에
I went into the woods.,아이 웬트 인투 더 우즈.,나는 / 갔었어 / 숲 속으로
Where did you go?,웨어 디쥬 고우?,어디에 / 갔었니 / 너는
I went around a pond and over a bridge.,아이 웬트 어라운드 어 판드 앤드 오버 어 브리지.,나는 / 갔어 / 연못 주위와 / 다리 위에
What a tall tower!,왓 어 톨 타워!,정말 높구나 / 타워가!
"Yes, it's very tall.","예스, 잇츠 베리 톨.",그래 / 그것은 / 정말 / 높아
What a beautiful bird!,왓 어 뷰티풀 버드!,정말 아름답구나 / 새가!
Cheer up!,치어 업!,힘내!
Don't be so worried.,돈트 비 쏘우 워리드.,걱정하지마 / 너무
I'm OK.,아임 오케이.,나는 / 괜찮아
Thank you.,땡큐.,고마워
I feel so happy.,아이 필 쏘우 해피.,나는 / 느껴 / 너무 / 행복하게
What makes you so happy?,왓 메이크스 유 쏘우 해피?,무엇이 / 만드니 / 너를 / 그렇게 / 행복하게
I'm tired.,아임 타이어드.,나는 / 피곤해
I'm bored.,아임 보어드.,나는 / 지루해
Can you do me a favor?,캔 유 두 미 어 페이버?,들어줄 수 있니 / 나를 / 부탁을
Sure!,슈어!,그럼요!
What is it?,왓 이즈 잇?,무엇이니 / 그것이
Will you help me?,윌 유 헬프 미?,도와줄래 / 나를
No problem.,노우 프라블럼.,문제없어
"Will you help me with my homework, please?","윌 유 헬프 미 위드 마이 홈워크, 플리즈?",도와줄래 / 나를 / 숙제를 / 제발
Of course.,오브 코어스.,물론이지
Will you help me with this math problem?,윌 유 헬프 미 위드 디스 매쓰 프라블럼?,도와줄래 / 나를 / 이 수학 문제를
Are you reading?,아 유 리딩?,읽고 있니 / 너는
Are you singing?,아 유 씽잉?,노래하고 있니 / 너는
Are you eating?,아 유 이팅?,먹고 있니 / 너는
Are you playing soccer?,아 유 플레잉 싸커?,하고 있니 / 축구를 / 너는
"Yes, I am.","예스, 아이 엠.",응 / 그래
"No, I'm not.","노우, 아임 낫.",아니 / 그렇지 않아
Is he reading?,이즈 히 리딩?,읽고 있니 / 그는
Is he sleeping?,이즈 히 슬리핑?,자고 있니 / 그는
Is he swimming?,이즈 히 스위밍?,수영하고 있니 / 그는
"Yes, he is.","예스, 히 이즈.",응 / 그래
"No, he is not.","노우, 히 이즈 낫.",아니 / 그렇지 않아
What are you doing?,왓 아 유 두잉?,무엇을 / 하고 있니 / 너는
I'm washing my hands.,아임 워슁 마이 핸즈.,나는 / 씻고 있어 / 나의 / 손을
What's she doing?,왓츠 쉬 두잉?,무엇을 / 하고 있니 / 그녀는
She is dancing and singing.,쉬 이즈 댄싱 앤드 씽잉.,그녀는 / 춤추고 / 노래하고 있어
What did you do yesterday?,왓 디쥬 두 예스터데이?,무엇을 / 했니 / 너는 / 어제
I went to the zoo.,아이 웬트 투 더 주.,나는 / 갔었어 / 동물원에
I did my homework.,아이 디드 마이 홈워크.,나는 / 했어 / 숙제를
I went to the museum yesterday.,아이 웬트 투 더 뮤지엄 예스터데이.,나는 / 갔었어 / 박물관에 / 어제
Museum?,뮤지엄?,박물관?
What did you see there?,왓 디쥬 씨 데어?,무엇을 / 봤니 / 거기서
I saw an elephant.,아이 쏘 언 엘리펀트.,나는 / 보았어 / 코끼리를
How was your vacation?,하우 워즈 유어 베이케이션?,어땠니 / 너의 / 방학이
It was great.,잇 워즈 그레이트.,정말 / 좋았어
I visited my grandparents in Seoul.,아이 비지티드 마이 그랜드페어런츠 인 서울.,나는 / 방문했어 / 할아버지 할머니를 / 서울에 계신
I had a great time.,아이 해드 어 그레이트 타임.,나는 / 보냈어 / 정말 재미있게
How was your vacation?,하우 워즈 유어 베이케이션?,어땠니 / 너의 / 방학이
It was not fun.,잇 워즈 낫 펀.,재미 없었어
Why not?,와이 낫?,왜?
I was sick.,아이 워즈 씩.,나는 / 아팠어
"Oh, that's too bad.","오, 댓츠 투 배드.",오 / 그것 참 / 안됐구나
How was your weekend?,하우 워즈 유어 위켄드?,어땠니 / 너의 / 주말이
It was fun.,잇 워즈 펀.,재미 있었어
Did you have a nice vacation?,디쥬 해브 어 나이스 베이케이션?,보냈니 / 즐거운 / 방학을 / 너는
"Yes, I did.","예스, 아이 디드.",응 / 그래
What did you do?,왓 디쥬 두?,무엇을 / 했니 / 너는
I visited my cousin in Seoul.,아이 비지티드 마이 커즌 인 서울.,나는 / 방문했어 / 사촌을 / 서울에 있는
What did you do last vacation?,왓 디쥬 두 라스트 베이케이션?,무엇을 / 했니 / 너는 / 지난 방학에
I visited my friend in Canada.,아이 비지티드 마이 프렌드 인 캐나다.,나는 / 방문했어 / 친구를 / 캐나다에 있는
I had a great time.,아이 해드 어 그레이트 타임.,나는 / 보냈어 / 즐거운 시간을
What did you do?,왓 디쥬 두?,무엇을 / 했니 / 너는
I helped old people.,아이 헬프트 올드 피플.,나는 / 도와 드렸어 / 노인들을
Good job.,굿 잡.,잘 했구나
What did you see?,왓 디쥬 씨?,무엇을 / 보았니 / 너는
I saw a black car.,아이 쏘 어 블랙 카.,나는 / 보았어 / 검정색 / 차를
What are you going to do this summer?,왓 아 유 고잉 투 두 디스 써머?,무엇을 / 할 거니 / 너는 / 이번 여름에
I'm going to go to the beach.,아임 고잉 투 고우 투 더 비치.,나는 / 갈 거야 / 해변에
What are you going to do this Saturday?,왓 아 유 고잉 투 두 디스 쌔터데이?,무엇을 / 할 거니 / 너는 / 이번 토요일에
What will you do this summer?,왓 윌 유 두 디스 써머?,무엇을 / 할 거니 / 너는 / 이번 여름에
I will visit my uncle.,아이 윌 비짓 마이 엉클.,나는 / 방문할 거야 / 삼촌을
I can't wait.,아이 캔트 웨잇.,나는 / 너무 / 기다려져
Have you made any special plans for this year?,해브 유 메이드 애니 스페셜 플랜즈 포 디스 이어?,세웠니 / 너는 / 어떤 / 특별한 / 계획을 / 올해
"Yes, I have.","예스, 아이 해브.",응 / 그래
I'm planning to exercise regularly.,아임 플래닝 투 엑서사이즈 레귤러리.,나는 / 계획이야 / 운동할 / 규칙적으로
I'm planning to take computer lessons.,아임 플래닝 투 테이크 컴퓨터 레슨즈.,나는 / 계획이야 / 받을 / 컴퓨터 수업을
That's a good idea.,댓츠 어 굿 아이디어.,그거 / 좋은 / 생각이야
Excuse me.,익스큐즈 미.,실례합니다
Is this Seoul Station?,이즈 디스 서울 스테이션?,이곳이 / 서울역입니까
"Sorry, I don't know.","쏘리, 아이 돈트 노우.",미안합니다 / 모르겠습니다
Is there a subway station around here?,이즈 데어 어 써브웨이 스테이션 어라운드 히어?,있습니까 / 지하철역이 / 이 근처에
"Sorry, I'm a stranger here, too.","쏘리, 아임 어 스트레인저 히어, 투.",미안합니다 / 나도 / 여기가 / 처음인데요
Is there a post office?,이즈 데어 어 포우스트 오피스?,있습니까 / 우체국이
Is there a fire station?,이즈 데어 어 파이어 스테이션?,있습니까 / 소방서가
Is there a library?,이즈 데어 어 라이브러리?,있습니까 / 도서관이
Where's the post office?,웨어즈 더 포우스트 오피스?,어디에 / 있어요 / 우체국이
I'm sorry?,아임 쏘리?,뭐라고요?
"The post office, please.","더 포우스트 오피스, 플리즈.",우체국이요
Where's the gas station?,웨어즈 더 개스 스테이션?,어디에 / 있어요 / 주유소가
Where's the school?,웨어즈 더 스쿨?,어디에 / 있어요 / 학교가
Where's the church?,웨어즈 더 처치?,어디에 / 있어요 / 교회가
"Oh, it's over there.","오, 잇츠 오버 데어.",아 / 그것은 / 저쪽에 / 있어요
Where is the hospital?,웨어 이즈 더 하스피털?,어디에 / 있습니까 / 병원이
Go straight and turn left at the corner.,고우 스트레이트 앤드 턴 레프트 앳 더 코너.,가세요 / 똑바로 / 그리고 / 도세요 / 왼쪽으로 / 모퉁이에서
Where's the post office?,웨어즈 더 포우스트 오피스?,어디에 / 있어요 / 우체국이
Go straight and turn right at the corner.,고우 스트레이트 앤드 턴 라이트 앳 더 코너.,가세요 / 똑바로 / 그리고 / 도세요 / 오른쪽으로 / 모퉁이에서
You can't miss it.,유 캔트 미스 잇.,쉽게 / 찾을 수 있을 거에요
Thank you. No problem.,땡큐. 노우 프라블럼.,고마워요 / 천만에요
Where is the bank?,웨어 이즈 더 뱅크?,어디에 / 있습니까 / 은행이
It's behind the hospital.,잇츠 비하인드 더 하스피털.,그것은 / 있어요 / 병원 뒤에
How do I get to the library?,하우 두 아이 겟 투 더 라이브러리?,어떻게 / 가니 / 도서관에
By bus.,바이 버스.,버스로
Excuse me.,익스큐즈 미.,실례합니다
How do I get to the police station?,하우 두 아이 겟 투 더 펄리스 스테이션?,어떻게 / 갑니까 / 경찰서에
Turn right.,턴 라이트.,도세요 / 오른쪽으로
Then go straight ahead.,덴 고우 스트레이트 어헤드.,그리고 나서 / 가세요 / 앞으로 / 똑바로
Excuse me.,익스큐즈 미.,실례합니다
Could you show me the way to the hospital?,쿠쥬 쇼우 미 더 웨이 투 더 하스피털?,알려 주시겠어요 / 나에게 / 길을 / 병원에 가는
Sure. Go straight and turn left at the first block.,슈어. 고우 스트레이트 앤드 턴 레프트 앳 더 퍼스트 블락.,그럼요 / 가세요 / 똑바로 / 도세요 / 왼쪽으로 / 첫 번째 블록에서
You can't miss it.,유 캔트 미스 잇.,쉽게 / 찾을 수 있을 거에요
How long does it take to get to school?,하우 롱 더즈 잇 테이크 투 겟 투 스쿨?,얼마나 / 걸립니까 / 가는데 / 학교에
It takes about ten minutes.,잇 테이크스 어바웃 텐 미닛츠.,걸립니다 / 약 / 10분
How far is it from here to your school?,하우 파 이즈 잇 프롬 히어 투 유어 스쿨?,얼마나 / 머니 / 여기서 / 너의 / 학교까지
It takes about ten minutes on foot.,잇 테이크스 어바웃 텐 미닛츠 온 풋.,걸려 / 약 / 10분 / 걸어서
How about taking some pictures?,하우 어바웃 테이킹 썸 픽처즈?,어때 / 찍는 게 / 사진 몇 장
Why not?,와이 낫?,좋지
Why don't we take some pictures?,와이 돈트 위 테이크 썸 픽처즈?,찍는 게 어때 / 우리 / 사진 몇 장
Why not?,와이 낫?,좋지
Why don't we play soccer?,와이 돈트 위 플레이 싸커?,하는 게 어때 / 우리 / 축구를
That's a good idea.,댓츠 어 굿 아이디어.,그거 / 좋은 / 생각이야
"No, I don't want to.","노우, 아이 돈트 원트 투.",아니 / 그러고 / 싶지 않아
I'd like to go swimming.,아이드 라이크 투 고우 스위밍.,나는 / 가고 싶어 / 수영하러
Can I join with you?,캔 아이 조인 위드 유?,같이 / 가도 될까 / 너와
Sure.,슈어.,그럼
Why not?,와이 낫?,좋고말고
I'd like to take a trip.,아이드 라이크 투 테이크 어 트립.,나는 / 가고 싶어 / 여행을
What do you want to do?,왓 두 유 원트 투 두?,무엇을 / 하기를 원하니 / 너는
Let's sing.,렛츠 씽.,노래하자
I don't want to sing.,아이 돈트 원트 투 씽.,나는 / 원하지 않아 / 노래하는 것을
I want to dance.,아이 원트 투 댄스.,나는 / 원해 / 춤추는 것을
Let's listen to music.,렛츠 리슨 투 뮤직.,듣자 / 음악을
Do you want to play the piano?,두 유 원트 투 플레이 더 피애노우?,원하니 / 너는 / 연주하는 것을 / 피아노를
"Yes, I do.","예스, 아이 두.",응 / 그래
That sounds good.,댓 사운즈 굿.,좋은 / 생각이야
Do you want to climb a mountain?,두 유 원트 투 클라임 어 마운틴?,원하니 / 너는 / 오르는 것을 / 산을
What do you want to be in the future?,왓 두 유 원트 투 비 인 더 퓨처?,무엇이 / 되고 싶니 / 너는 / 미래에
I want to be a scientist.,아이 원트 투 비 어 사이언티스트.,나는 / 원해 / 되는 것을 / 과학자가
Why?,와이?,왜?
I want to invent new things.,아이 원트 투 인벤트 뉴 씽즈.,나는 / 원해 / 발명하는 것을 / 새로운 / 것들을
I want to be a tour guide.,아이 원트 투 비 어 투어 가이드.,나는 / 원해 / 되는 것을 / 여행 가이드가
I want to be a movie star.,아이 원트 투 비 어 무비 스타.,나는 / 원해 / 되는 것을 / 영화 배우가
What do you like to do?,왓 두 유 라이크 투 두?,무엇을 / 좋아하니 / 하는 것을 / 너는
I like to go swimming.,아이 라이크 투 고우 스위밍.,나는 / 좋아해 / 가는 것을 / 수영하러
I like to play computer games.,아이 라이크 투 플레이 컴퓨터 게임즈.,나는 / 좋아해 / 하는 것을 / 컴퓨터 게임을
What do you like doing on weekends?,왓 두 유 라이크 두잉 온 위켄즈?,무엇을 / 좋아하니 / 하는 것을 / 주말에
I enjoy riding a bike.,아이 인조이 라이딩 어 바이크.,나는 / 즐겨 / 타는 것을 / 자전거를
I enjoy going camping.,아이 인조이 고잉 캠핑.,나는 / 즐겨 / 가는 것을 / 캠핑을
I prefer watching sports on TV.,아이 프리퍼 워칭 스포츠 온 티비.,나는 / 더 좋아해 / 보는 것을 / 스포츠를 / TV로
Do you like to watch sports on TV?,두 유 라이크 투 워치 스포츠 온 티비?,좋아하니 / 너는 / 보는 것을 / 스포츠를 / TV로
"Yes, I do.","예스, 아이 두.",응 / 그래
May I see that movie?,메이 아이 씨 댓 무비?,봐도 돼요 / 저 / 영화를
"No, you shouldn't do that.","노우, 유 슈든트 두 댓.",아니 / 그러면 / 안돼
May I take a picture here?,메이 아이 테이크 어 픽처 히어?,찍어도 돼요 / 사진을 / 여기서
You should use your napkin.,유 슈드 유즈 유어 냅킨.,너는 / 사용해야 해 / 너의 / 냅킨을
That's a good idea.,댓츠 어 굿 아이디어.,그거 / 좋은 / 생각이야
You must be careful on the street.,유 머스트 비 케어풀 온 더 스트리트.,너는 / 조심해야 해 / 길에서
"Oh, I got it.","오, 아이 갓 잇.",아 / 알았어
What do you have to do?,왓 두 유 해브 투 두?,무엇을 / 해야 하니 / 너는
I have to wash the dishes.,아이 해브 투 워쉬 더 디쉬즈.,나는 / 씻어야 해 / 그릇을
I have to sweep the floor.,아이 해브 투 스윕 더 플로어.,나는 / 쓸어야 해 / 마루바닥을
What time do you go to bed?,왓 타임 두 유 고우 투 베드?,몇 시에 / 잠자리에 드니 / 너는
I go to bed at ten o'clock.,아이 고우 투 베드 앳 텐 어클락.,나는 / 잠자리에 들어 / 10시에
What about you?,왓 어바웃 유?,너는 / 어때
At nine thirty.,앳 나인 써티.,9시 30분에
What do you do in the morning?,왓 두 유 두 인 더 모어닝?,무엇을 / 하니 / 너는 / 아침에
I get dressed.,아이 겟 드레스드.,나는 / 입어 / 옷을
What do you do in the evening?,왓 두 유 두 인 디 이브닝?,무엇을 / 하니 / 너는 / 저녁에
I talk on the telephone.,아이 톡 온 더 텔리폰.,나는 / 얘기해 / 전화로
I play the piano.,아이 플레이 더 피애노우.,나는 / 연주해 / 피아노를
I take out the trash.,아이 테이크 아웃 더 트래쉬.,나는 / 비워 / 쓰레기통을
What do you do after school?,왓 두 유 두 애프터 스쿨?,무엇을 / 하니 / 너는 / 방과 후에
I usually play basketball.,아이 유주얼리 플레이 배스킷볼.,나는 / 보통 / 해 / 농구를
I usually go to the library.,아이 유주얼리 고우 투 더 라이브러리.,나는 / 보통 / 가 / 도서관에
I usually practice the piano.,아이 유주얼리 프랙티스 더 피애노우.,나는 / 보통 / 연습해 / 피아노를
I usually help my mom.,아이 유주얼리 헬프 마이 맘.,나는 / 보통 / 도와 / 어머니를
Nothing special.,낫씽 스페셜.,특별한 / 일 / 없어
What do you do on Sunday?,왓 두 유 두 온 썬데이?,무엇을 / 하니 / 너는 / 일요일에
I go to church.,아이 고우 투 처치.,나는 / 가 / 교회에
I go to a swimming class.,아이 고우 투 어 스위밍 클래스.,나는 / 가 / 수영교실에
I go to a computer class.,아이 고우 투 어 컴퓨터 클래스.,나는 / 가 / 컴퓨터교실에
That's my sister.,댓츠 마이 씨스터.,저 애가 / 나의 / 여동생이야
That's my girlfriend.,댓츠 마이 걸프렌드.,저 애가 / 나의 / 여자친구야
"What? Oh, she's tall.","왓? 오, 쉬즈 톨.",뭐라고 / 야 / 키가 / 크다
"Yes, she is.","예스, 쉬 이즈.",응 / 그래
Where is your sister?,웨어 이즈 유어 씨스터?,어디에 / 있니 / 너의 / 여동생은
Over there.,오버 데어.,저쪽에
She is wearing a blue shirt.,쉬 이즈 웨어링 어 블루 셔트.,그녀는 / 입고 있어 / 파란 / 셔츠를
How does he look like?,하우 더즈 히 룩 라이크?,어떻게 / 생겼니 / 그는
He has big eyes.,히 해즈 빅 아이즈.,그는 / 가지고 있어 / 큰 / 눈을
He is tall and thin.,히 이즈 톨 앤드 씬.,그는 / 키 크고 / 날씬해
He is wearing blue pants.,히 이즈 웨어링 블루 팬츠.,그는 / 입고 있어 / 파란색 / 바지를
He is wearing sunglasses.,히 이즈 웨어링 썬글래시즈.,그는 / 쓰고 있어 / 선글라스를
He is wearing a hat.,히 이즈 웨어링 어 햇.,그는 / 쓰고 있어 / 모자를
What does she look like?,왓 더즈 쉬 룩 라이크?,어떻게 / 생겼니 / 그녀는
She has red hair and green eyes.,쉬 해즈 레드 헤어 앤드 그린 아이즈.,그녀는 / 가지고 있어 / 빨간 머리와 / 녹색 눈을
She is tall and thin.,쉬 이즈 톨 앤드 씬.,그녀는 / 키 크고 / 날씬해
She is wearing blue pants.,쉬 이즈 웨어링 블루 팬츠.,그녀는 / 입고 있어 / 파란색 / 바지를
How does it look?,하우 더즈 잇 룩?,어때 / 보이니 / 그것이
It looks beautiful.,잇 룩스 뷰티풀.,아름다워 / 보여
What's he wearing?,왓츠 히 웨어링?,무엇을 / 입고 있니 / 그는
He's wearing a blue shirt.,히즈 웨어링 어 블루 셔트.,그는 / 입고 있어 / 파란 / 셔츠를
Which one is Brian's cousin?,위치 원 이즈 브라이언스 커즌?,어느 쪽이 / 브라이언의 / 사촌이니
His cousin is the girl with curly red hair.,히즈 커즌 이즈 더 걸 위드 컬리 레드 헤어.,그의 / 사촌은 / 이야 / 여자 아이 / 빨간 곱슬머리를 한
Which one is Joseph's brother?,위치 원 이즈 죠셉스 브라더?,어느 쪽이 / 죠셉의 / 남동생이니
He's the boy who is playing soccer.,히즈 더 보이 후 이즈 플레잉 싸커.,그는 / 이야 / 아이 / 축구를 하고 있는
I want two tickets for the concert.,아이 원트 투 티켓츠 포 더 컨서트.,나는 / 원해요 / 표 두 장을 / 콘서트
For what time?,포 왓 타임?,몇 시로요?
"The three o'clock show, please.","더 쓰리 어클락 쇼우, 플리즈.",3시 / 표로 / 주세요
Those tickets are all sold out.,도우즈 티켓츠 아 올 솔드 아웃.,그 / 표들은 / 다 / 팔렸습니다
Do you usually walk slowly or quickly?,두 유 유주얼리 워크 슬로울리 오어 퀵클리?,걷니 / 너는 / 보통 / 천천히 / 아니면 / 빨리
I usually walk slowly.,아이 유주얼리 워크 슬로울리.,나는 / 보통 / 걸어 / 천천히
What do you think of my new jacket?,왓 두 유 씽크 오브 마이 뉴 재킷?,어떻게 / 생각하니 / 나의 / 새 / 재킷에 대해
It's very nice.,잇츠 베리 나이스.,정말 / 좋은데
Do you think the movie is fun?,두 유 씽크 더 무비 이즈 펀?,생각하니 / 너는 / 영화가 / 흥미롭다고
"Yes, I think so.","예스, 아이 씽크 쏘우.",응 / 그렇게 / 생각해
"No, I don't think so.","노우, 아이 돈트 씽크 쏘우.",아니 / 그렇게 / 생각지 않아
What do you think of the movie?,왓 두 유 씽크 오브 더 무비?,어떻게 / 생각하니 / 그 / 영화에 대해서
The movie is fun.,더 무비 이즈 펀.,그 / 영화는 / 흥미로워
What do you think of the concert?,왓 두 유 씽크 오브 더 컨서트?,어떻게 / 생각하니 / 그 / 연주회에 대해서
What do you think of the book?,왓 두 유 씽크 오브 더 북?,어떻게 / 생각하니 / 그 / 책에 대해서
What do you think is fun?,왓 두 유 씽크 이즈 펀?,무엇이 / 흥미롭다고 / 생각하니 / 너는
I think watching movie is fun.,아이 씽크 워칭 무비 이즈 펀.,나는 / 생각해 / 보는 것이 / 영화를 / 흥미롭다고
I think riding a bicycle is fun.,아이 씽크 라이딩 어 바이씨클 이즈 펀.,나는 / 생각해 / 타는 것이 / 자전거를 / 흥미롭다고
How do you like this painting?,하우 두 유 라이크 디스 페인팅?,어때 / 마음에 드니 / 이 / 그림이
I've never seen such a wonderful painting.,아이브 네버 씬 써치 어 원더풀 페인팅.,나는 / 본 적이 없어 / 그렇게 / 아름다운 / 그림을
I've never tasted such a delicious food.,아이브 네버 테이스티드 써치 어 딜리셔스 푸드.,나는 / 맛 본 적이 없어 / 그렇게 / 맛있는 / 음식을
I've never listened to such a lovely music.,아이브 네버 리슨드 투 써치 어 러블리 뮤직.,나는 / 들어본 적이 없어 / 그렇게 / 아름다운 / 음악을
What did you say about it?,왓 디쥬 세이 어바웃 잇?,무엇이라고 / 말했니 / 그것에 대해서
I said it was really funny.,아이 쎄드 잇 워즈 리얼리 퍼니.,나는 / 말했어 / 그것이 / 정말 / 재미있었다고
I said it was really boring.,아이 쎄드 잇 워즈 리얼리 보어링.,나는 / 말했어 / 그것이 / 정말 / 지루하다고
"May I take your order, please?","메이 아이 테이크 유어 오더, 플리즈?",주문하시겠습니까
"I'd like a hamburger and a large coke, please.","아이드 라이크 어 햄버거 앤드 어 라지 코우크, 플리즈.",주세요 / 햄버거와 / 콜라 큰 것으로 / 하나
Lunch is on me.,런치 이즈 온 미.,점심은 / 내가 / 살게
Dinner is on me.,디너 이즈 온 미.,저녁은 / 내가 / 살게
"I appreciate it, but let's go Dutch.","아이 어프리시에이트 잇, 벗 렛츠 고우 더치.",고마워 / 하지만 / 각자 / 내자
How would you like your steak?,하우 우쥬 라이크 유어 스테이크?,어떻게 / 해 드릴까요 / 너의 / 스테이크를
"Medium, please.","미디엄, 플리즈.",중간으로 / 익혀 / 주세요
Do you want some more steak?,두 유 원트 썸 모어 스테이크?,원하니 / 너는 / 좀 더 / 스테이크를
"Yes, please. Thank you.","예스, 플리즈. 땡큐.",예 / 주세요 / 고맙습니다
"No, thank you. I'm full.","노우, 땡큐. 아임 풀.",아니요 / 됐습니다 / 나는 / 배불러요
Do you want a fork?,두 유 원트 어 포크?,원하니 / 너는 / 포크를
"Yes, please. Thank you.","예스, 플리즈. 땡큐.",예 / 주세요 / 고맙습니다
"No, thank you.","노우, 땡큐.",아니요 / 됐습니다
Do you want a knife?,두 유 원트 어 나이프?,원하니 / 너는 / 나이프를
Do you want a spoon?,두 유 원트 어 스푼?,원하니 / 너는 / 스푼을
"Do you like apples, Miran?","두 유 라이크 애플즈, 미란?",좋아하니 / 너는 / 사과를 / 미란
"Yes, I do.","예스, 아이 두.",응 / 그래
How about bananas?,하우 어바웃 버내너즈?,어때 / 바나나는
"No, I don't like them.","노우, 아이 돈트 라이크 뎀.",아니 / 나는 / 좋아하지 않아 / 그것들을
How about cake?,하우 어바웃 케이크?,어때 / 케이크는
How about cookies?,하우 어바웃 쿠키즈?,어때 / 과자는
"Hello, this is Mary.","헬로우, 디스 이즈 메리.",여보세요 / 저는 / 이에요 / 매리
Is Joseph there?,이즈 죠셉 데어?,있어요 / 죠셉이 / 거기에
"Speaking. / No, he isn't.","스피킹. / 노우, 히 이즌트.",전데요 / 아니요 / 없는데요
Can I talk to Joseph?,캔 아이 톡 투 죠셉?,통화 할 수 있을까요 / 죠셉과
Speaking.,스피킹.,전데요
"Who's calling, please?","후즈 콜링, 플리즈?",누구시죠
"Hello, this is Mary.","헬로우, 디스 이즈 메리.",여보세요 / 저 / 매리인데요
Is Joseph there?,이즈 죠셉 데어?,있어요 / 죠셉이 / 거기에
You have the wrong number.,유 해브 더 롱 넘버.,잘못 / 걸었어요
"Oh, I'm sorry.","오, 아임 쏘리.",오 / 미안합니다
Can I talk to Joseph?,캔 아이 톡 투 죠셉?,통화 할 수 있을까요 / 죠셉과
Can I talk to Sarah?,캔 아이 톡 투 새롸?,통화 할 수 있을까요 / 사라와
"Sorry, she's out.","쏘리, 쉬즈 아웃.",미안합니다 / 그녀는 / 외출 중이에요
Can I take a message?,캔 아이 테이크 어 메시지?,전할 내용 / 있으세요
"Yes, please tell him Mary called.","예스, 플리즈 텔 힘 메리 콜드.",예 / 전해 주세요 / 그에게 / 매리가 / 전화했다고
Shall we meet at the park at three?,쉘 위 밋 앳 더 파크 앳 쓰리?,만날까요 / 우리 / 공원에서 / 3시에
OK. See you there.,오케이. 씨 유 데어.,좋아 / 거기서 / 봐
"Sorry, I can't.","쏘리, 아이 캔트.",미안해 / 안되겠어
What time shall we meet?,왓 타임 쉘 위 밋?,몇 시에 / 만날까요 / 우리
What time is good for you?,왓 타임 이즈 굿 포 유?,몇 시가 / 좋겠니 / 너에게
Anytime after three.,애니타임 애프터 쓰리.,언제라도 / 3시 이후에
Can you tell him to call me?,캔 유 텔 힘 투 콜 미?,말해줄 수 있니 / 그에게 / 전화 해달라고 / 나에게
"Sure, I will.","슈어, 아이 윌.",알겠어요 / 그럴게요
Bye.,바이.,안녕히 계세요
When do you expect him back?,웬 두 유 익스펙트 힘 백?,언제 / 돌아올 것 같습니까 / 그가
He will be back soon.,히 윌 비 백 순.,그는 / 돌아올 거예요 / 곧
He will be back in a few minutes.,히 윌 비 백 인 어 퓨 미닛츠.,그는 / 돌아올 거에요 / 몇 분 안에
May I take a message?,메이 아이 테이크 어 메시지?,전할 내용 / 있으세요
"Yes, please tell him to call me back.","예스, 플리즈 텔 힘 투 콜 미 백.",예 / 전해 주세요 / 그에게 / 다시 전화 해 달라고 / 나에게
"No, it's O.K.","노우, 잇츠 오케이.",아니오 / 괜찮아요
I will call him later.,아이 윌 콜 힘 레이터.,내가 / 전화할게요 / 그에게 / 나중에
May I leave a message?,메이 아이 리브 어 메시지?,남길 수 있을까요 / 전할 내용을
"Sure, who is calling?","슈어, 후 이즈 콜링?",그럼요 / 누구시죠
When do you expect him back?,웬 두 유 익스펙트 힘 백?,언제 / 돌아올 것 같습니까 / 그가
He will be back in about an hour.,히 윌 비 백 인 어바웃 언 아워.,그는 / 돌아올 것입니다 / 약 / 한 시간 내에
He will be back in ten minutes.,히 윌 비 백 인 텐 미닛츠.,그는 / 돌아올 것입니다 / 10분 내로
Do you know how?,두 유 노우 하우?,알고 있니 / 너는 / 어떻게 하는지
"Yes, I do. / No, I don't.","예스, 아이 두. / 노우, 아이 돈트.",응 / 그래 / 아니 / 그렇지 않아
Do you know where?,두 유 노우 웨어?,알고 있니 / 너는 / 어디인지
Could you tell me how to use this copy machine?,쿠쥬 텔 미 하우 투 유즈 디스 카피 머신?,알려 주실래요 / 나에게 / 어떻게 / 사용하는지 / 이 복사기를
Sure.,슈어.,물론이죠
"First, turn on the copy machine.","퍼스트, 턴 온 더 카피 머신.",먼저 / 켜세요 / 복사기를
"Next, open the cover.","넥스트, 오픈 더 커버.",다음에 / 여세요 / 덮개를
And put the paper on the glass.,앤드 풋 더 페이퍼 온 더 글래스.,그리고 / 놓으세요 / 종이를 / 유리 위에
"Then, press the green button.","덴, 프레스 더 그린 버튼.",그리고 나서 / 누르세요 / 녹색 / 버튼을
That's all. Did you get it?,댓츠 올. 디쥬 겟 잇?,그게 / 전부입니다 / 이해하셨죠
What kind of music do you like?,왓 카인드 오브 뮤직 두 유 라이크?,어떤 / 종류의 / 음악을 / 좋아하니 / 너는
I like classical music.,아이 라이크 클래시컬 뮤직.,나는 / 좋아해 / 고전음악을
What kinds of hobbies do you like most?,왓 카인즈 오브 하비즈 두 유 라이크 모우스트?,무슨 / 취미를 / 가장 좋아하니 / 너는
I like traveling most.,아이 라이크 트래블링 모우스트.,나는 / 좋아해 / 여행하는 것을 / 가장
I like dancing most.,아이 라이크 댄싱 모우스트.,나는 / 좋아해 / 춤추는 것을 / 가장
I like singing most.,아이 라이크 씽잉 모우스트.,나는 / 좋아해 / 노래하는 것을 / 가장
Do you like spring?,두 유 라이크 스프링?,좋아하니 / 너는 / 봄을
"Yes, I do. I like spring. It's warm.","예스, 아이 두. 아이 라이크 스프링. 잇츠 워엄.",응 / 그래 / 나는 / 좋아해 / 봄을 / 따뜻해
"How about you? Me, too.","하우 어바웃 유? 미, 투.",너는 / 어때 / 나도 / 그래
Do you like summer?,두 유 라이크 써머?,좋아하니 / 너는 / 여름을
"No, I don't like summer.","노우, 아이 돈트 라이크 써머.",아니 / 나는 / 좋아하지 않아 / 여름을
It's hot.,잇츠 핫.,더워
Which season do you like best?,위치 씨즌 두 유 라이크 베스트?,어느 / 계절을 / 가장 좋아하니 / 너는
I like summer best.,아이 라이크 써머 베스트.,나는 / 좋아해 / 여름을 / 가장
"Which season do you like better, summer or winter?","위치 씨즌 두 유 라이크 베터, 써머 오어 윈터?",어느 / 계절을 / 더 좋아하니 / 여름 / 아니면 / 겨울
I like winter better.,아이 라이크 윈터 베터.,나는 / 좋아해 / 겨울을 / 더
Why do you like winter best?,와이 두 유 라이크 윈터 베스트?,왜 / 좋아하니 / 너는 / 겨울을 / 가장
I like winter best because I like snow.,아이 라이크 윈터 베스트 비코즈 아이 라이크 스노우.,나는 / 좋아해 / 겨울을 / 가장 / 왜냐하면 / 좋아하기 때문에 / 눈을
I like spring best because I like flowers.,아이 라이크 스프링 베스트 비코즈 아이 라이크 플라워즈.,나는 / 좋아해 / 봄을 / 가장 / 왜냐하면 / 좋아하기 때문에 / 꽃을
What's your favorite music?,왓츠 유어 페이버릿 뮤직?,무엇이니 / 너의 / 가장 좋아하는 / 음악은
My favorite music is pop music.,마이 페이버릿 뮤직 이즈 팝 뮤직.,나의 / 가장 좋아하는 / 음악은 / 이야 / 팝음악
I like pop music.,아이 라이크 팝 뮤직.,나는 / 좋아해 / 팝음악을
What is your favorite animal?,왓 이즈 유어 페이버릿 애니멀?,무엇이니 / 너의 / 가장 좋아하는 / 동물은
My favorite animal is a rabbit.,마이 페이버릿 애니멀 이즈 어 래빗.,나의 / 가장 좋아하는 / 동물은 / 이야 / 토끼
Who is your favorite musician?,후 이즈 유어 페이버릿 뮤지션?,누구니 / 너의 / 가장 좋아하는 / 음악가는
My favorite musician is Mozart.,마이 페이버릿 뮤지션 이즈 모우짜트.,나의 / 가장 좋아하는 / 음악가는 / 이야 / 모차르트
"It's very cold in here, isn't it?","잇츠 베리 콜드 인 히어, 이즌트 잇?",매우 / 춥다 / 여기 안이 / 그렇지 않니
"Yes, it is.","예스, 잇 이즈.",응 / 그래
Would you mind closing the window?,우쥬 마인드 클로징 더 윈도우?,괜찮겠니 / 창문을 / 닫아주지 않겠니
"No, not at all.","노우, 낫 앳 올.",그렇고 / 말고
May I help you?,메이 아이 헬프 유?,도와 드릴까요
"Yes, how much is that pencil case?","예스, 하우 머치 이즈 댓 펜슬 케이스?",예 / 얼마에요 / 저 / 필통은
It's seven dollars.,잇츠 쎄븐 달러즈.,7달러인데요
It's ten dollars.,잇츠 텐 달러즈.,10달러인데요
How much is it?,하우 머치 이즈 잇?,얼마에요
It's three dollars.,잇츠 쓰리 달러즈.,3달러에요
OK. I'll take it.,오케이. 아일 테이크 잇.,좋아요 / 그것으로 / 할게요
Thanks. Here's your change.,땡크스. 히어즈 유어 체인지.,고맙습니다 / 여기 / 있어요 / 거스름 돈
Wow! You're very tall.,와우! 유어 베리 톨.,야 / 너는 / 정말 / 키가 크다
How tall are you?,하우 톨 아 유?,키가 / 몇이니 / 너는
I'm one hundred and eighty centimeters tall.,아임 원 헌드레드 앤드 에이티 쎈티미터즈 톨.,나는 / 180cm / 이야
I'm taller than my father.,아임 톨러 댄 마이 파더.,나는 / 키가 더 커 / 아버지보다
My mother loves my brother more than me.,마이 마더 러브스 마이 브라더 모어 댄 미.,나의 / 어머니는 / 사랑해 / 내 남동생을 / 나보다 / 더
My mother loves my sister more than me.,마이 마더 러브스 마이 씨스터 모어 댄 미.,나의 / 어머니는 / 사랑해 / 내 여동생을 / 나보다 / 더
My father loves my brother more than me.,마이 파더 러브스 마이 브라더 모어 댄 미.,나의 / 아버지는 / 사랑해 / 내 남동생을 / 나보다 / 더
That's not fair.,댓츠 낫 페어.,그건 / 공평하지 않아
Take it easy.,테이크 잇 이지.,진정해
That's not true.,댓츠 낫 트루.,그렇지 않아
Who is younger?,후 이즈 영거?,누가 / 더 어리니
Joseph is younger.,죠셉 이즈 영거.,죠셉이 / 더 어려
Who is stronger?,후 이즈 스트롱거?,누가 / 더 세니
Who is taller?,후 이즈 톨러?,누가 / 더 키가 크니
Who is shorter?,후 이즈 쇼터?,누가 / 더 키가 작니
When is your birthday?,웬 이즈 유어 버얼쓰데이?,언제니 / 너의 / 생일이
September tenth. I'm older than you.,쎕템버 텐쓰. 아임 올더 댄 유.,9월 / 10일 / 나는 / 나이가 더 많아 / 너보다
Is this your pencil?,이즈 디스 유어 펜슬?,이것이 / 너의 / 연필이니
"No, my pencil is shorter than yours.","노우, 마이 펜슬 이즈 쇼터 댄 유어즈.",아니 / 내 / 연필이 / 더 짧아 / 네 것보다
"No, my pencil is longer than yours.","노우, 마이 펜슬 이즈 롱거 댄 유어즈.",아니 / 내 / 연필이 / 더 길어 / 네 것보다
A car runs as fast as a train.,어 카 런즈 애즈 패스트 애즈 어 트레인.,차는 / 달려 / 기차만큼 / 빠르게
That's right.,댓츠 라이트.,그래 / 맞아
That's not quite right.,댓츠 낫 콰이트 라이트.,그건 / 정말 / 옳지 않아
My pencil is as long as yours.,마이 펜슬 이즈 애즈 롱 애즈 유어즈.,내 / 연필은 / 이야 / 네 것만큼 / 길어
A cat is as big as a rabbit.,어 캣 이즈 애즈 빅 애즈 어 래빗.,고양이는 / 이야 / 토끼 정도만큼 / 커
Which one is the fastest?,위치 원 이즈 더 패스티스트?,어느 것이 / 가장 빠릅니까
The cheetah is the fastest.,더 치타 이즈 더 패스티스트.,치타가 / 가장 빠릅니다
Which one is the slowest?,위치 원 이즈 더 슬로우이스트?,어느 것이 / 가장 느립니까
The turtle is the slowest.,더 터틀 이즈 더 슬로우이스트.,거북이가 / 제일 느립니다
Miami is one of the most beautiful cities in the world.,마이애미 이즈 원 오브 더 모우스트 뷰티풀 시티즈 인 더 월드.,마이애미는 / 이야 / 하나 / 가장 아름다운 / 도시들 중의 / 세계에서
I know. I hope to visit there someday.,아이 노우. 아이 홉 투 비짓 데어 썸데이.,그래 / 나는 / 바라 / 방문하기를 / 거기를 / 언젠가는
Have you ever been to England?,해브 유 에버 빈 투 잉글랜드?,가 본적이 있니 / 너는 / 영국에
"Yes, I have.","예스, 아이 해브.",응 / 그래
"No, I haven't.","노우, 아이 해븐트.",아니 / 그렇지 않아
Have you ever been to Paris?,해브 유 에버 빈 투 패리스?,가 본적이 있니 / 너는 / 파리에
Have you ever eaten ginseng?,해브 유 에버 이튼 진쎙?,먹어 본적이 있니 / 너는 / 인삼을
"Yes, I have.","예스, 아이 해브.",응 / 그래
"No, I haven't.","노우, 아이 해븐트.",아니 / 그렇지 않아
Have you ever dreamed in English?,해브 유 에버 드림드 인 잉글리쉬?,꿔 본적이 있니 / 너는 / 꿈을 / 영어로
Have you ever eaten potato salad?,해브 유 에버 이튼 퍼테이토우 샐러드?,먹어 본적이 있니 / 너는 / 감자 샐러드를
I've been to London.,아이브 빈 투 런던.,나는 / 가 본 적이 있어 / 런던에
But I've never been to India.,벗 아이브 네버 빈 투 인디아.,그러나 / 나는 / 가 본 적이 없어 / 인도에
"I've eaten onions,","아이브 이튼 어니언즈,",나는 / 먹어 본 적이 있어 / 양파를
But I've never eaten garlic.,벗 아이브 네버 이튼 갈릭.,그러나 / 나는 / 먹어 본 적이 없어 / 마늘을
I've seen a penguin.,아이브 씬 어 펭귄.,나는 / 본 적이 있어 / 펭귄을
But I've never seen a cheetah.,벗 아이브 네버 씬 어 치타.,그러나 / 나는 / 본 적이 없어 / 치타를
Have you finished your homework yet?,해브 유 피니쉬트 유어 홈워크 옛?,끝냈니 / 너는 / 숙제를 / 아직
"Yes, I have.","예스, 아이 해브.",응 / 그래
"No, I haven't.","노우, 아이 해븐트.",아니 / 그렇지 않아
Have you cleaned up your room?,해브 유 클린드 업 유어 룸?,청소했니 / 너는 / 너의 / 방을
How long have you been a teacher?,하우 롱 해브 유 빈 어 티처?,얼마 동안 / 있었어요 / 너는 / 교사로
I have been a teacher for six years.,아이 해브 빈 어 티처 포 씩스 이어즈.,나는 / 있었어요 / 교사로 / 6년 동안
How often do you go bowling?,하우 오픈 두 유 고우 볼링?,얼마나 자주 / 가니 / 너는 / 볼링 하러
I go bowling once a week.,아이 고우 볼링 원스 어 윅.,나는 / 가 / 볼링 하러 / 일주일에 / 한 번
How often do you climb a mountain?,하우 오픈 두 유 클라임 어 마운틴?,얼마나 자주 / 가니 / 너는 / 등산을
I climb a mountain twice a week.,아이 클라임 어 마운틴 트와이스 어 윅.,나는 / 가 / 등산을 / 일주일에 / 두 번
I wish there were no pollution in the world.,아이 위쉬 데어 워 노우 펄루션 인 더 월드.,바라 / 없으면 / 오염이 / 세상에
You can say that again.,유 캔 세이 댓 어겐.,그래 / 네 말이 / 정말 / 맞아
I wish there were no war in the world.,아이 위쉬 데어 워 노우 워 인 더 월드.,바라 / 없으면 / 전쟁이 / 세상에
I'm not good at English.,아임 낫 굿 앳 잉글리쉬.,나는 / 잘 못해 / 영어를
I wish I was good at English.,아이 위쉬 아이 워즈 굿 앳 잉글리쉬.,바라 / 잘 하면 / 영어를
I can't dance. I wish I could dance well.,아이 캔트 댄스. 아이 위쉬 아이 쿠드 댄스 웰.,나는 / 못 춰 / 춤을 / 바라 / 잘 출 수 있으면 / 춤을
I wear glasses. I wish I didn't wear glasses.,아이 웨어 글래시즈. 아이 위쉬 아이 디든트 웨어 글래시즈.,나는 / 끼고 있어 / 안경을 / 바라 / 끼지 않으면 / 안경을
I don't have a cell-phone.,아이 돈트 해브 어 쎌폰.,나는 / 없어 / 핸드폰이
I wish I had a cell-phone.,아이 위쉬 아이 해드 어 쎌폰.,바라 / 있으면 / 핸드폰이
"If you could go anywhere,","이프 유 쿠드 고우 애니웨어,",만일 / 갈 수 있다면 / 너가 / 어디든지
Where would you go?,웨어 우드 유 고우?,어디에 / 가겠니 / 너는
I would go to Miami.,아이 우드 고우 투 마이애미.,나는 / 갈 거야 / 마이애미에
What do you do before you eat breakfast?,왓 두 유 두 비포 유 잇 브렉퍼스트?,무엇을 / 하니 / 너는 / 전에 / 먹기 / 아침식사를
I go swimming before I eat breakfast.,아이 고우 스위밍 비포 아이 잇 브렉퍼스트.,나는 / 가 / 수영하러 / 전에 / 먹기 / 아침식사를
What have you done before you ate breakfast?,왓 해브 유 던 비포 유 에이트 브렉퍼스트?,무엇을 / 했니 / 너는 / 전에 / 먹기 / 아침식사를
I had gone swimming before I ate breakfast.,아이 해드 곤 스위밍 비포 아이 에이트 브렉퍼스트.,나는 / 갔었어 / 수영하러 / 전에 / 먹기 / 아침식사를
What did you want to be when you were little?,왓 디쥬 원트 투 비 웬 유 워 리를?,무엇이 / 되고 싶었니 / 너는 / 어렸을 때
I wanted to be a police officer.,아이 원티드 투 비 어 펄리스 오피서.,나는 / 되고 싶었어 / 경찰관이
What were you doing when I rang the doorbell?,왓 워 유 두잉 웬 아이 랭 더 도어벨?,무엇을 / 하고 있었니 / 너는 / 내가 / 눌렀을 때 / 현관 벨을
I was doing my homework when you rang the doorbell.,아이 워즈 두잉 마이 홈워크 웬 유 랭 더 도어벨.,나는 / 하고 있었어 / 숙제를 / 네가 / 눌렀을 때 / 현관 벨을
When did you learn how to ride a bike?,웬 디쥬 런 하우 투 라이드 어 바이크?,언제 / 배웠니 / 타는 방법을 / 자전거를
I learned how to ride a bike when I was six.,아이 런드 하우 투 라이드 어 바이크 웬 아이 워즈 씩스.,나는 / 배웠어 / 타는 방법을 / 자전거를 / 내가 / 6살이었을 때
Why did you wake up late?,와이 디쥬 웨이크 업 레이트?,왜 / 일어났니 / 너는 / 늦게
"I forgot to set the alarm clock, so I woke up late.","아이 포갓 투 쎗 디 얼람 클락, 쏘우 아이 워우크 업 레이트.",나는 / 깜빡 잊었어 / 맞추는 것을 / 알람 시계를 / 그래서 / 일어났어 / 늦게
I woke up late because I forgot to set the alarm clock.,아이 워우크 업 레이트 비코즈 아이 포갓 투 쎗 디 얼람 클락.,나는 / 일어났어 / 늦게 / 왜냐하면 / 깜박 잊었기 때문에 / 맞추는 것을 / 알람 시계를
